45,40,159,88,84,95,2025,138
48,48,181,71,95,100,2043,140
49,51,194,66,103,108,2046,139
46,50,165,59,103,98,2046,124
48,50,164,55,103,112,2046,118
53,51,182,58,104,113,2045,112
50,42,160,54,93,111,2046,110
51,38,144,51,86,100,2046,129
49,39,151,50,88,101,2047,131
48,39,157,48,97,75,2046,132
43,39,115,42,95,69,2046,122
46,36,104,42,107,67,2047,120
43,39,109,42,114,69,2047,113
51,38,99,47,115,61,2047,118
63,37,85,46,108,61,2047,130
63,38,81,51,112,77,2047,132
71,43,98,55,116,81,2047,163
78,45,96,65,126,143,2047,169
78,46,116,75,132,167,2047,173
77,45,133,76,153,200,2047,190
81,49,146,82,157,209,2047,201
75,45,136,81,150,210,2047,193
69,43,149,75,147,197,2047,210
71,44,149,65,143,190,2047,231
65,49,148,65,143,199,2047,207
63,47,207,55,144,207,2047,206
70,47,208,54,144,218,2047,241
69,48,199,52,149,211,2047,219
72,48,201,51,160,213,2047,210
73,43,191,48,144,176,2047,216
73,41,110,55,119,116,2047,209
71,38,91,53,96,92,2047,204
66,38,97,77,88,89,2047,220
67,40,102,87,98,70,2047,216
60,35,103,88,100,66,2047,197
63,33,102,90,101,71,2047,195
59,35,104,89,101,68,2047,180
63,35,102,74,100,78,2047,154
59,38,94,65,91,78,2047,125
68,39,90,65,95,88,2047,113
65,39,91,56,91,78,2047,119
62,38,88,58,92,80,2047,120
58,39,81,55,87,63,2047,111
61,36,79,59,87,63,2047,112
54,34,88,55,86,72,2047,147
59,41,107,50,83,74,2047,160
63,37,107,48,95,77,2047,176
71,38,119,47,105,91,2047,230
75,38,131,39,133,106,2047,246
71,40,154,39,129,124,2047,228
83,43,154,53,204,220,2047,282
96,51,170,61,231,245,2047,311
98,51,173,66,238,259,2047,373
94,53,170,74,225,263,2047,365
94,54,184,76,235,269,2047,364
85,54,252,72,209,285,2047,325
75,53,262,67,203,347,2047,311
67,51,267,62,204,349,2047,197
73,50,280,54,208,351,2047,217
78,48,281,52,223,349,2047,221
75,40,212,44,196,285,2047,227
75,41,184,41,166,183,2047,226
78,41,172,41,156,167,2047,230
77,42,148,43,150,159,2047,224
70,41,101,49,109,138,2047,220
74,42,125,59,109,139,2047,219
73,37,129,74,117,127,2047,202
73,38,145,80,122,152,2047,217
71,38,155,78,121,143,2047,206
73,38,158,79,129,138,2047,224
67,40,160,75,123,135,2047,209
67,43,170,66,124,149,2047,236
63,44,163,60,113,107,2047,224
64,47,170,60,109,118,2047,231
61,48,173,55,98,120,2047,213
60,47,163,52,102,120,2047,216
52,42,148,47,87,99,2047,172
51,40,146,43,86,93,2047,147
49,39,134,39,83,75,2047,131
47,37,131,44,100,70,2047,166
58,36,124,45,105,62,2047,195
59,37,133,43,111,68,2047,193
59,42,141,45,118,95,2047,232
82,38,137,51,141,101,2047,296
94,48,137,51,163,127,2047,306
92,50,174,51,182,159,2047,332
96,50,179,56,205,179,2047,358
100,52,204,53,235,177,2047,352
87,57,216,48,232,181,2047,309
78,51,226,47,216,172,2047,294
82,55,222,54,202,157,2047,265
78,60,268,51,175,142,2047,240
72,59,245,54,130,148,2047,221
77,65,288,58,149,163,2047,235
77,65,308,57,151,187,2047,243
72,61,317,53,157,182,2047,269
80,59,302,53,166,194,2047,259
81,58,302,50,167,184,2047,270
75,50,264,52,147,166,2047,251
71,49,224,56,135,125,2047,225
71,45,187,55,122,119,2047,176
64,42,131,55,110,91,2047,179
63,40,123,63,100,93,2047,155
69,36,90,63,89,99,2047,217
71,38,91,57,96,102,2047,222
64,39,103,56,88,104,2047,202
61,38,104,76,90,99,2047,199
64,37,100,74,98,109,2047,213
53,36,97,71,97,101,2047,161
52,34,103,76,97,98,2047,164
54,35,86,77,98,94,2047,165
58,37,89,56,92,91,2047,181
54,38,87,51,81,70,2047,172
57,38,77,49,85,76,2047,166
55,41,59,42,87,74,2047,158
52,38,62,39,100,79,2047,154
56,38,64,46,112,89,2047,151
58,38,75,44,122,112,2047,156
60,42,80,46,176,172,2047,156
64,41,111,54,197,248,2047,184
80,43,126,64,231,292,2047,250
87,46,156,67,291,336,2047,247
95,47,156,70,326,345,2047,275
104,45,162,71,322,352,2047,365
110,52,165,74,327,322,2047,371
101,53,166,68,369,353,2047,340
98,50,140,64,328,324,2047,349
100,50,159,60,316,319,2047,355
89,51,186,58,323,294,2047,285
81,44,178,48,309,284,2047,288
91,42,179,47,227,200,2047,307
84,42,180,42,220,180,2047,297
76,39,168,41,199,162,2047,321
82,40,135,42,161,140,2047,326
95,37,127,37,159,124,2047,339
87,37,108,34,160,107,2047,332
90,37,103,43,153,98,2047,351
98,36,91,51,140,91,2047,349
90,33,91,63,127,88,2047,330
75,33,89,81,123,89,2047,295
75,38,120,89,120,96,2047,275
78,39,140,88,130,93,2047,268
65,40,144,85,119,123,2047,202
63,40,140,79,111,129,2047,186
62,44,141,72,101,130,2047,177
58,39,124,65,102,125,2047,175
57,38,104,63,97,139,2047,194
62,40,102,69,106,127,2047,220
63,41,102,69,103,122,2047,224
64,36,99,55,103,113,2047,221
62,38,88,55,96,108,2047,224
55,36,79,54,79,87,2047,172
47,33,65,46,75,68,2047,120
62,35,66,46,101,85,2047,190
59,38,55,47,108,97,2047,193
62,37,62,48,136,137,2047,189
65,38,71,53,147,153,2047,191
67,39,74,64,166,183,2047,207
60,38,68,61,168,218,2047,181
65,38,77,65,179,223,2047,194
65,39,89,68,161,222,2047,196
67,39,87,68,198,238,2047,205
67,42,101,58,208,224,2047,201
62,39,106,61,204,194,2047,169
66,39,118,59,214,213,2047,184
69,36,116,54,221,211,2047,192
68,37,113,50,193,189,2047,240
67,36,114,49,166,187,2047,237
66,40,122,49,168,173,2047,237
57,37,109,48,143,136,2047,214
56,41,108,49,134,109,2047,215
54,40,114,63,126,108,2047,159
60,38,114,67,128,100,2047,199
61,38,133,71,115,100,2047,193
73,41,144,72,118,101,2047,217
71,40,140,76,113,98,2047,209
72,39,143,71,110,81,2047,207
62,44,149,72,95,73,2047,157
76,43,131,68,109,79,2047,232
76,42,126,64,102,102,2047,241
77,43,133,61,112,109,2047,245
75,44,126,57,109,114,2047,239
84,40,113,51,115,119,2047,272
72,40,108,53,103,115,2047,213
63,40,127,55,105,100,2047,180
63,38,119,51,102,95,2047,173
75,42,141,47,111,119,2047,199
65,43,142,49,140,150,2047,152
68,43,175,53,152,163,2047,150
70,44,183,62,156,165,2047,153
87,43,190,69,190,181,2047,257
94,41,191,72,230,201,2047,268
114,45,203,73,239,208,2047,294
114,49,186,68,237,221,2047,295
117,48,165,61,240,226,2047,313
106,48,159,54,211,217,2047,246
94,46,141,50,160,182,2047,225
71,42,129,45,118,147,2047,202
69,39,107,50,106,118,2047,199
67,38,98,54,105,102,2047,229
60,38,94,60,105,92,2047,232
59,39,107,62,111,118,2047,250
63,39,98,78,109,118,2047,253
66,36,103,85,113,131,2047,288
62,39,111,85,98,127,2047,241
61,38,112,81,103,134,2047,228
60,40,101,80,111,112,2047,200
68,39,110,67,130,139,2047,269
66,39,141,55,133,118,2047,257
64,34,136,49,137,132,2047,267
66,36,136,48,141,128,2047,283
67,37,130,47,138,135,2047,328
66,36,119,47,126,107,2047,278
65,37,79,46,115,106,2047,260
64,38,77,47,115,91,2047,247
63,41,76,45,104,84,2047,239
65,40,79,46,91,73,2047,216
59,40,74,44,92,72,2047,203
61,40,71,41,94,72,2047,203
69,41,67,41,112,69,2047,231
72,40,67,46,107,74,2047,218
69,39,76,43,122,105,2047,177
70,42,95,46,151,133,2047,173
72,43,104,56,166,197,2047,202
72,43,144,63,222,271,2047,214
80,45,196,65,248,343,2047,231
88,43,208,76,277,353,2047,269
99,47,231,78,267,356,2047,306
97,50,251,80,276,343,2047,295
100,60,301,77,241,292,2047,293
98,63,277,73,244,234,2047,322
100,66,271,64,226,257,2047,344
87,62,254,62,215,248,2047,311
88,58,238,52,199,226,2047,306
80,48,151,52,181,221,2047,284
79,42,138,48,150,188,2047,269
83,38,124,49,122,111,2047,251
86,43,123,48,136,99,2047,269
84,46,107,58,130,100,2047,268
87,46,95,57,142,108,2047,298
87,43,113,65,135,112,2047,304
75,43,115,69,138,107,2047,281
71,40,113,70,124,95,2047,265
71,37,127,71,122,92,2047,282
70,40,137,73,112,91,2047,261
64,43,129,70,108,84,2047,217
54,46,137,66,101,84,2047,192
52,44,129,66,120,85,2047,205
57,44,122,60,134,83,2047,213
55,43,103,57,123,72,2047,203
65,43,94,57,122,68,2047,205
68,40,92,62,120,67,2047,196
69,39,87,56,104,64,2047,181
65,38,78,53,87,77,2047,157
91,36,78,54,129,134,2047,298
89,36,118,53,168,157,2047,315
89,34,124,49,200,190,2047,320
103,37,128,58,206,194,2047,393
103,41,140,65,214,198,2047,390
81,43,150,68,217,192,2047,297
97,55,166,73,231,223,2047,281
116,58,206,75,262,339,2047,333
105,56,210,75,273,340,2047,250
116,53,215,73,293,358,2047,307
123,57,237,71,346,368,2047,331
117,44,213,63,329,347,2047,375
118,45,203,58,293,221,2047,456
119,48,198,51,295,243,2047,468
110,49,196,52,274,213,2047,433
106,43,167,47,189,171,2047,461
111,44,163,47,187,163,2047,495
94,40,118,55,179,171,2047,412
94,39,123,67,152,140,2047,406
104,37,111,70,152,133,2047,428
100,38,126,75,138,132,2047,386
80,36,141,75,122,130,2047,297
78,38,140,76,111,104,2047,257
79,41,134,66,108,85,2047,255
68,44,130,56,91,75,2047,211
65,45,115,52,83,71,2047,184
69,43,91,54,87,63,2047,181
68,44,82,49,101,86,2047,193
64,43,111,50,141,184,2047,165
66,41,111,55,181,260,2047,163
80,39,128,56,246,338,2047,182
89,50,167,62,288,414,2047,210
115,61,246,63,309,479,2047,291
116,62,259,66,326,490,2047,302
122,63,274,73,317,475,2047,348
119,69,264,70,297,442,2047,371
120,64,252,68,267,382,2047,379
96,52,181,68,238,292,2047,323
108,48,151,67,199,228,2047,405
98,46,129,68,191,194,2047,379
94,39,139,69,149,152,2047,356
92,37,141,64,140,130,2047,395
91,39,138,63,143,132,2047,398
74,36,137,67,128,123,2047,310
73,38,134,57,112,99,2047,298
68,35,120,61,109,99,2047,299
61,36,96,62,101,95,2047,220
59,37,92,62,96,86,2047,204
61,36,96,53,99,83,2047,201
65,37,92,55,104,93,2047,212
69,42,104,54,136,106,2047,232
64,41,102,56,163,119,2047,222
72,39,105,59,189,151,2047,226
76,44,106,70,245,247,2047,238
80,42,112,76,290,308,2047,257
80,40,110,75,326,322,2047,264
86,40,132,75,331,336,2047,285
104,47,156,74,345,347,2047,338
101,43,154,67,325,316,2047,345
96,50,188,57,296,280,2047,324
113,57,219,57,269,268,2047,362
112,58,214,55,255,257,2047,350
94,60,208,53,238,271,2047,299
100,61,206,51,215,252,2047,287
102,55,182,50,242,251,2047,289
77,32,62,60,106,51,2013,238
86,32,61,58,115,50,2044,254
77,35,54,55,104,49,2048,229
79,40,54,49,110,60,2048,219
86,45,68,48,105,60,2047,221
80,44,69,46,106,63,2046,219
72,45,72,39,99,62,2046,207
71,43,74,41,92,64,2047,196
68,39,77,40,88,61,2047,223
63,33,83,38,91,59,2047,233
62,31,82,37,92,56,2047,228
66,33,80,37,90,57,2047,229
73,36,77,35,95,69,2047,231
71,38,73,38,96,94,2047,188
78,48,78,45,144,184,2047,242
76,48,99,46,177,271,2047,253
77,49,128,56,292,369,2047,274
74,55,150,70,304,391,2047,293
83,58,168,72,349,402,2047,314
95,55,167,78,373,466,2047,297
99,61,165,80,376,431,2047,286
104,63,171,77,320,382,2047,275
110,61,168,64,327,394,2047,316
106,56,155,61,294,381,2047,310
89,52,151,47,246,261,2047,296
86,47,167,43,218,248,2047,290
81,42,146,44,186,200,2047,280
78,39,129,46,151,119,2047,203
77,38,125,46,119,107,2047,189
81,39,120,51,113,92,2047,196
77,35,76,55,112,88,2047,199
70,35,59,53,101,78,2047,192
62,35,57,54,98,63,2047,187
63,36,53,57,92,58,2047,231
62,37,54,54,84,55,2047,221
59,38,49,56,80,49,2047,224
61,37,50,54,87,47,2047,242
59,37,55,56,88,42,2047,249
58,38,105,66,96,45,2047,220
53,38,120,70,106,63,2047,238
67,40,134,66,120,74,2047,294
65,40,142,69,121,79,2047,286
69,40,143,70,133,84,2047,310
82,40,129,61,132,86,2047,326
88,47,128,59,126,91,2047,325
80,47,115,57,113,85,2047,274
90,46,109,56,113,82,2047,285
100,46,105,51,111,79,2047,278
91,51,82,50,119,77,2047,249
95,43,65,50,145,65,2047,321
92,42,66,55,144,61,2047,315
84,42,65,52,145,57,2047,304
69,41,66,52,138,56,2047,292
71,33,74,49,137,58,2047,340
66,36,73,44,115,79,2047,262
72,36,84,41,134,113,2047,290
83,41,92,43,138,130,2047,348
84,38,98,46,148,137,2047,350
91,43,105,55,181,174,2047,328
106,47,153,59,228,248,2047,420
118,50,178,58,257,261,2047,427
124,53,197,69,267,279,2047,398
128,55,239,68,282,284,2047,404
134,54,251,65,286,273,2047,433
128,56,244,71,271,216,2047,388
127,61,259,73,253,206,2047,397
113,58,269,69,247,186,2047,417
119,56,237,69,226,185,2047,444
124,69,315,68,190,196,2047,426
113,64,308,60,167,183,2047,403
119,65,285,65,164,162,2047,443
126,65,264,59,168,149,2047,445
122,67,268,64,173,142,2047,453
110,53,150,62,181,107,2047,443
114,53,139,60,176,98,2047,448
108,44,140,57,162,111,2047,418
110,41,146,56,172,110,2047,435
109,43,170,66,162,121,2047,405
104,43,188,66,156,121,2047,399
99,44,187,69,158,120,2047,377
88,44,175,67,152,104,2047,352
85,46,182,70,129,96,2047,317
79,42,149,59,133,70,2047,291
79,40,123,67,128,59,2047,277
94,40,127,71,126,55,2047,301
109,37,131,76,138,60,2047,355
100,37,107,76,130,63,2047,327
99,38,99,76,133,59,2047,326
102,39,111,68,142,62,2047,382
89,41,101,62,132,61,2047,364
67,46,91,57,123,58,2047,286
67,45,92,53,124,64,2047,275
84,45,93,48,133,87,2047,340
81,44,88,49,126,103,2047,310
85,41,107,46,132,110,2047,317
94,42,155,43,154,148,2047,362
114,45,163,49,160,158,2047,435
124,47,192,53,176,158,2047,488
131,49,197,54,192,156,2047,491
127,49,204,56,188,166,2047,490
124,51,209,54,174,168,2047,490
115,52,221,49,173,166,2047,444
109,54,216,60,156,181,2047,385
111,59,257,66,191,185,2047,369
131,61,251,65,229,187,2047,446
132,68,330,65,243,224,2047,442
133,76,345,65,256,244,2047,444
125,75,353,54,255,237,2047,411
132,71,324,46,232,240,2047,469
129,71,320,51,213,237,2047,465
125,61,221,55,191,176,2047,452
126,52,187,55,176,140,2047,460
126,50,155,53,185,128,2047,473
105,53,152,56,163,104,2047,401
94,53,154,51,157,98,2047,367
97,52,139,45,159,99,2047,379
87,51,124,50,149,107,2047,364
74,49,103,51,127,96,2047,348
82,45,85,55,135,95,2047,348
77,45,89,58,108,81,2047,274
78,47,115,62,108,87,2047,283
85,42,125,67,106,72,2047,299
88,41,132,84,105,75,2047,299
102,44,134,90,118,83,2047,385
95,38,132,88,123,86,2047,390
104,37,107,94,125,77,2047,395
95,41,97,88,130,74,2047,370
101,44,102,73,133,71,2047,365
82,39,103,61,126,59,2047,332
82,42,93,60,120,83,2047,326
66,46,87,51,114,80,2047,296
68,50,111,50,114,88,2047,304
58,50,102,45,112,91,2047,291
58,50,102,46,96,91,2047,221
69,49,103,47,106,65,2047,263
79,30,113,105,164,114,2025,394
85,34,143,101,171,124,2043,408
84,32,127,72,184,151,2046,416
88,43,183,59,184,179,2047,425
74,43,185,72,169,180,2046,288
74,46,186,70,159,186,2045,270
85,46,176,68,172,196,2046,327
91,56,183,72,159,182,2047,360
97,54,142,70,159,156,2047,396
91,54,145,56,170,174,2047,368
99,56,140,54,168,172,2047,412
113,57,127,52,175,153,2047,463
112,50,121,54,174,151,2047,444
108,44,89,57,177,169,2047,440
113,44,78,58,171,138,2047,489
111,42,95,58,168,138,2047,463
87,40,123,66,154,152,2047,389
100,48,224,71,163,158,2047,452
100,55,259,73,156,178,2047,423
104,61,273,84,150,178,2047,378
105,70,306,92,152,174,2047,386
138,78,318,89,181,183,2047,479
138,78,261,82,181,180,2047,463
144,84,250,81,192,140,2047,464
142,82,241,70,200,174,2047,476
174,79,224,66,243,233,2047,616
154,82,231,66,233,226,2047,541
153,84,252,66,236,224,2047,517
145,75,241,64,223,223,2047,505
147,77,237,60,217,202,2047,504
103,79,239,53,170,132,2047,305
92,66,202,48,143,115,2047,277
84,58,177,52,123,107,2047,255
87,56,165,52,121,95,2047,257
82,51,158,52,112,71,2047,260
77,41,101,53,92,54,2047,240
75,44,97,61,86,59,2047,230
68,43,79,62,86,57,2047,198
76,42,64,79,112,61,2047,270
65,41,70,86,105,79,2047,227
67,38,70,86,124,92,2047,233
66,36,75,88,132,96,2047,239
80,35,74,91,147,98,2047,308
63,36,70,79,136,126,2047,235
66,36,64,70,142,141,2047,233
63,35,63,69,136,136,2047,224
73,33,59,62,168,136,2047,325
98,38,67,54,188,146,2047,362
106,43,75,54,202,143,2047,377
106,42,75,55,211,119,2047,390
126,47,95,65,241,124,2047,511
125,48,95,66,228,127,2047,479
103,49,95,70,208,119,2047,445
112,46,90,76,196,100,2047,462
121,45,100,83,195,108,2047,488
112,53,128,84,166,129,2047,406
115,55,175,87,161,145,2047,403
125,59,211,87,167,150,2047,431
112,61,235,87,169,154,2047,408
123,64,258,87,199,163,2047,467
146,58,260,82,210,160,2047,525
145,57,253,82,204,151,2047,511
160,60,263,84,232,144,2047,558
165,56,251,78,246,148,2047,573
151,54,241,74,214,149,2047,506
124,59,243,71,200,136,2047,421
122,57,226,69,204,126,2047,430
98,50,191,63,169,139,2047,348
92,51,194,58,153,140,2047,352
89,56,240,57,158,128,2047,341
90,47,219,54,144,122,2047,337
84,49,228,45,137,125,2047,319
67,48,220,43,124,103,2047,251
62,48,208,51,114,81,2047,230
59,42,126,54,98,69,2047,214
48,42,119,53,102,63,2047,190
50,39,82,56,96,51,2047,194
53,40,70,67,89,51,2047,211
52,41,60,77,81,45,2047,197
61,40,53,83,104,49,2047,218
61,41,46,87,107,56,2047,215
59,38,49,88,119,62,2047,199
55,35,54,82,116,67,2047,176
56,37,59,69,130,75,2047,165
47,37,61,67,126,80,2047,140
48,39,60,76,140,80,2047,136
47,40,61,93,134,87,2047,136
50,43,56,103,142,115,2047,136
48,37,49,108,152,127,2047,123
51,38,49,103,158,128,2047,153
60,36,51,93,146,148,2047,203
61,36,47,76,148,149,2047,212
67,39,47,60,165,161,2047,258
66,40,47,51,151,166,2047,252
79,40,48,50,144,167,2047,268
78,39,47,53,149,148,2047,257
80,39,46,47,152,143,2047,253
79,33,47,47,138,107,2047,235
79,36,64,47,136,81,2047,237
73,34,81,62,136,82,2047,254
87,38,95,61,136,110,2047,319
103,39,107,66,137,115,2047,392
104,60,232,73,125,155,2047,379
113,64,260,92,142,161,2047,403
151,85,322,101,214,204,2047,474
161,87,343,113,262,213,2047,529
172,107,433,116,289,233,2047,544
173,100,418,116,298,226,2047,558
186,100,422,117,297,237,2047,624
159,85,383,103,261,212,2047,592
148,103,498,105,243,219,2047,507
124,84,431,111,212,199,2047,437
139,87,430,110,215,197,2047,527
131,84,445,95,205,180,2047,478
126,87,454,96,196,178,2047,440
118,67,336,80,163,141,2047,444
119,67,326,65,163,149,2047,485
97,60,285,61,148,132,2047,369
72,59,225,61,144,126,2047,302
70,63,240,61,150,102,2047,306
66,55,187,60,143,99,2047,318
63,51,182,57,136,74,2047,279
64,51,173,63,126,50,2047,295
65,52,171,77,125,49,2047,293
61,36,80,92,103,44,2047,266
59,39,74,93,95,46,2047,240
63,39,69,94,89,45,2047,235
60,39,66,94,88,57,2047,198
60,46,55,88,92,61,2047,190
61,46,50,85,111,73,2047,185
80,44,50,85,133,106,2047,321
79,43,51,84,137,108,2047,318
79,43,48,80,140,106,2047,320
83,41,55,88,145,107,2047,338
162,45,77,80,203,124,2047,518
163,46,82,79,202,157,2047,472
168,49,92,97,219,193,2047,475
173,49,95,97,218,198,2047,479
172,47,96,86,223,200,2047,477
138,47,84,81,184,188,2047,446
132,49,82,78,183,150,2047,440
127,49,73,53,160,107,2047,424
130,49,90,51,166,107,2047,487
139,53,124,51,177,121,2047,519
106,52,129,55,172,126,2047,394
102,51,146,58,170,127,2047,379
121,62,161,60,191,147,2047,464
156,62,162,63,232,176,2047,537
169,65,175,67,253,190,2047,564
185,91,335,80,258,225,2047,587
196,100,381,91,272,226,2047,647
198,97,401,94,278,244,2047,626
170,101,411,107,254,238,2047,521
149,97,401,113,215,219,2047,451
131,78,316,103,202,191,2047,436
113,69,291,91,174,188,2047,339
82,65,268,88,134,150,2047,270
79,70,283,74,110,120,2047,264
84,71,302,56,131,123,2047,331
83,68,281,56,119,118,2047,304
83,66,241,60,112,125,2047,303
83,66,235,62,119,127,2047,304
85,51,201,56,147,128,2047,388
73,47,173,56,143,128,2047,331
67,42,142,52,149,116,2047,324
82,46,141,55,153,119,2047,355
79,44,132,54,150,106,2047,348
70,43,116,55,118,102,2047,231
75,43,93,52,109,89,2047,232
72,44,87,59,100,86,2047,223
48,38,77,53,94,52,2047,135
51,37,54,62,96,69,2047,126
51,35,48,65,121,103,2047,116
50,36,41,66,151,155,2047,85
57,35,40,68,159,166,2047,98
69,37,41,72,168,174,2047,90
75,37,43,87,171,175,2047,98
75,49,43,124,181,171,2047,120
79,50,46,134,161,150,2047,129
89,48,53,133,171,160,2047,211
85,46,52,133,165,158,2047,229
94,51,76,118,172,183,2047,246
97,45,103,75,167,171,2047,264
103,42,103,57,175,162,2047,328
92,47,105,52,162,165,2047,287
90,44,124,51,190,173,2047,295
89,57,158,56,216,151,2047,305
170,89,340,80,255,202,2047,514
172,80,344,83,242,200,2047,542
170,84,356,77,237,219,2047,509
178,105,426,98,251,215,2047,494
175,104,383,103,237,187,2047,488
114,84,335,100,172,178,2047,355
104,87,337,102,152,175,2047,305
99,84,324,100,152,136,2047,292
102,72,224,77,137,145,2047,299
108,72,228,66,136,136,2047,273
107,72,206,62,122,111,2047,262
106,69,166,54,114,102,2047,256
108,68,155,54,106,91,2047,255
75,46,115,56,93,70,2047,256
69,49,109,58,88,70,2047,235
62,50,94,55,96,62,2047,226
60,49,91,49,112,78,2047,213
59,47,88,56,115,98,2047,207
62,45,83,63,130,104,2047,146
56,38,60,76,123,123,2047,115
56,32,59,80,159,140,2047,102
58,31,54,82,160,151,2047,153
76,37,56,81,164,155,2047,220
75,37,56,81,170,160,2047,220
78,37,58,73,201,160,2047,226
78,38,56,71,178,149,2047,229
77,42,54,69,171,135,2047,198
63,39,49,64,189,136,2047,146
67,41,52,56,179,148,2047,181
67,39,47,59,167,139,2047,188
68,38,61,59,186,145,2047,214
70,41,124,61,180,141,2047,210
70,40,126,61,156,134,2047,208
97,42,132,61,172,129,2047,317
107,49,157,62,178,126,2047,379
106,53,188,65,156,128,2047,384
105,52,185,64,170,142,2047,392
112,58,203,84,189,133,2047,406
136,79,226,89,224,145,2047,444
154,83,264,89,231,167,2047,489
160,85,249,88,231,165,2047,483
162,85,234,91,227,163,2047,492
169,83,230,70,222,179,2047,533
147,66,225,66,189,162,2047,507
124,58,189,59,176,141,2047,440
121,56,225,60,181,158,2047,445
130,65,229,57,196,179,2047,451
117,72,228,69,185,173,2047,394
104,73,222,69,173,172,2047,294
110,75,205,70,170,175,2047,342
121,78,186,67,183,152,2047,362
115,71,184,64,164,120,2047,351
110,62,183,53,172,103,2047,343
108,59,165,51,171,89,2047,380
103,56,158,49,160,73,2047,333
84,46,116,52,133,73,2047,296
71,43,100,58,125,55,2047,284
73,37,72,59,109,58,2047,284
74,37,72,68,124,63,2047,267
59,33,67,66,120,69,2047,222
56,32,62,67,121,72,2047,212
58,32,56,65,129,76,2047,197
59,38,56,74,165,122,2047,200
49,38,58,79,163,142,2047,134
50,36,62,85,168,145,2047,138
62,41,63,117,173,165,2047,150
73,43,69,128,188,209,2047,168
69,41,70,126,178,205,2047,145
69,40,65,121,169,205,2047,170
88,42,69,117,178,220,2047,288
85,41,104,88,185,212,2047,296
84,52,143,78,176,181,2047,297
104,55,169,70,181,173,2047,369
116,71,261,70,181,173,2047,386
114,72,270,79,173,163,2047,324
114,72,277,83,179,181,2047,336
127,66,270,94,182,179,2047,379
119,67,286,100,161,197,2047,332
115,59,239,111,154,201,2047,330
120,65,261,114,167,201,2047,359
122,70,333,115,160,197,2047,369
124,81,378,107,196,196,2047,424
119,78,365,109,198,176,2047,415
112,84,404,99,209,169,2047,409
99,82,398,88,204,172,2047,382
96,78,343,80,200,155,2047,402
70,64,297,72,153,147,2047,317
83,64,306,63,148,134,2047,329
83,57,246,59,131,112,2047,306
85,53,239,59,116,80,2047,297
81,51,223,55,118,69,2047,254
85,56,212,54,141,75,2047,230
75,58,188,50,168,71,2047,203
78,54,161,61,162,71,2047,206
80,52,132,65,177,81,2047,201
81,51,122,67,190,78,2047,219
78,48,107,76,175,72,2047,202
75,46,92,79,147,68,2047,196
71,43,79,72,156,72,2047,189
67,44,69,76,130,62,2047,196
81,52,61,82,113,62,2047,242
86,53,52,92,113,63,2047,249
85,51,49,99,140,68,2047,251
86,51,46,108,135,83,2047,256
82,49,42,114,139,88,2047,253
68,40,41,118,138,98,2047,187
59,39,49,104,140,112,2047,203
55,41,50,95,120,124,2047,208
51,40,50,90,126,118,2047,203
54,44,52,79,131,140,2047,194
56,45,61,66,126,135,2047,172
78,46,88,73,152,124,2047,194
80,44,93,75,154,111,2047,198
84,44,97,66,177,112,2047,225
87,43,113,64,180,80,2047,237
99,43,114,70,196,136,2047,315
87,38,100,67,177,162,2047,305
93,41,98,70,185,171,2047,310
95,40,102,75,164,175,2047,342
94,40,93,84,161,183,2047,349
83,40,120,78,139,147,2047,296
88,41,123,77,139,138,2047,341
82,40,129,74,129,129,2047,338
79,45,163,82,132,152,2047,295
92,50,202,100,127,217,2047,330
92,53,231,110,137,269,2047,338
84,59,259,112,145,282,2047,280
83,61,270,113,144,284,2047,281
90,67,294,112,152,278,2047,306
79,62,276,86,157,237,2047,254
73,62,277,74,153,179,2047,235
77,60,253,72,149,140,2047,251
82,64,260,69,156,137,2047,267
109,74,294,58,204,137,2047,311
108,78,298,60,209,116,2047,322
108,76,266,65,210,112,2047,309
110,79,272,61,206,113,2047,298
111,76,280,61,202,106,2047,291
74,59,190,57,134,72,2047,206
68,53,169,53,117,63,2047,179
71,52,168,53,100,54,2047,211
61,42,149,55,95,49,2047,226
51,40,84,74,90,54,2047,199
55,39,81,85,117,64,2047,197
59,38,75,91,126,70,2047,217
68,39,63,96,136,78,2047,244
66,39,57,96,149,83,2047,217
70,39,53,88,156,82,2047,226
68,38,40,84,145,88,2047,224
66,37,46,82,152,108,2047,213
57,41,59,71,177,145,2047,143
70,50,118,70,174,158,2047,184
82,48,127,64,178,172,2047,254
87,48,137,65,184,204,2047,269
101,55,228,78,285,255,2047,298
115,53,300,80,413,281,2047,328
118,50,306,82,422,289,2047,339
125,62,321,86,440,303,2047,301
125,66,321,81,440,287,2047,305
113,62,270,63,385,258,2047,286
103,63,204,75,223,226,2047,278
105,58,170,77,198,223,2047,290
86,52,138,83,147,209,2047,278
85,48,143,92,145,209,2047,264
87,54,164,119,135,192,2047,253
94,56,155,120,140,178,2047,339
92,65,187,121,150,169,2047,317
95,67,195,118,148,156,2047,319
100,66,201,125,140,151,2047,334
100,61,184,104,131,134,2047,333
119,67,185,95,135,137,2047,300
112,62,182,101,126,124,2047,299
107,57,177,98,125,129,2047,296
100,55,171,79,115,139,2047,284
99,59,191,76,110,138,2047,278
77,51,191,77,104,127,2047,283
78,48,172,60,109,127,2047,307
78,50,198,58,106,116,2047,304
75,54,207,57,110,101,2047,299
79,47,190,52,121,103,2047,313
57,45,185,49,111,99,2047,242
54,37,59,106,156,129,2047,149
64,37,61,105,208,136,2047,224
60,35,55,106,212,159,2047,210
62,37,54,106,218,166,2047,209
64,33,64,105,229,166,2047,215
78,34,69,74,232,166,2047,303
89,38,97,78,209,200,2047,321
91,39,98,70,205,216,2047,340
87,38,101,72,201,208,2047,348
92,38,134,67,201,204,2047,407
101,42,164,64,195,196,2047,417
102,54,188,68,211,239,2047,387
108,58,211,71,211,220,2047,390
122,73,262,85,217,286,2047,430
129,81,307,107,222,326,2047,422
121,87,335,110,212,335,2047,418
131,101,372,105,206,289,2047,462
127,108,457,122,193,314,2047,466
113,102,452,113,183,261,2047,441
104,99,432,92,164,243,2047,404
100,93,409,90,168,232,2047,344
73,73,373,89,131,228,2047,280
77,65,312,64,144,194,2047,252
76,62,291,62,134,186,2047,220
79,59,276,59,144,140,2047,266
78,62,285,60,137,134,2047,269
70,57,264,55,136,120,2047,242
68,52,188,51,124,104,2047,251
73,49,177,48,133,95,2047,287
64,45,160,46,114,91,2047,232
63,42,116,42,108,86,2047,223
66,42,111,44,106,87,2047,232
65,38,101,43,87,63,2047,225
65,40,80,42,83,62,2047,172
68,43,64,48,108,96,2047,162
62,39,59,49,108,98,2047,131
62,41,58,68,143,127,2047,131
58,39,51,83,172,182,2047,106
62,35,52,90,186,200,2047,157
66,34,65,113,226,203,2047,188
74,34,67,115,274,238,2047,204
77,36,83,113,288,241,2047,194
82,38,86,109,303,243,2047,200
86,42,88,106,307,236,2047,229
87,51,106,86,283,225,2047,261
87,55,145,84,244,239,2047,256
81,55,146,83,214,231,2047,274
87,52,148,86,182,201,2047,350
89,51,147,99,168,195,2047,356
85,46,130,100,156,193,2047,329
80,45,98,100,151,135,2047,348
83,44,117,110,156,121,2047,360
93,46,115,116,161,116,2047,396
84,49,119,109,157,150,2047,390
83,44,123,110,147,152,2047,405
106,44,118,115,160,159,2047,467
116,44,102,95,156,179,2047,478
105,45,131,90,150,181,2047,429
109,46,144,107,153,164,2047,465
122,56,167,121,165,203,2047,485
116,56,173,130,161,214,2047,472
124,65,177,135,174,201,2047,510
135,67,194,134,189,209,2047,525
137,68,212,122,180,205,2047,490
132,63,204,110,176,168,2047,482
132,64,200,93,172,142,2047,463
116,55,197,89,155,137,2047,407
102,54,171,79,125,105,2047,351
100,50,148,70,133,95,2047,330
102,51,136,59,132,106,2047,339
89,49,130,54,120,105,2047,287
87,53,123,61,114,98,2047,266
82,48,110,62,114,98,2047,258
85,48,99,59,109,94,2047,300
111,45,96,68,134,86,2047,355
117,45,97,74,135,94,2047,362
120,43,93,79,153,118,2047,367
127,46,101,80,172,175,2047,382
121,43,93,84,186,189,2047,344
106,42,97,79,204,200,2047,351
100,42,106,94,219,223,2047,344
97,40,118,97,228,224,2047,338
94,39,118,97,230,210,2047,343
150,49,139,100,266,203,2047,538
139,52,156,97,254,195,2047,496
142,54,155,80,251,188,2047,495
141,53,151,68,241,180,2047,496
142,53,146,70,242,148,2047,527
83,50,134,66,216,150,2047,346
77,46,109,72,210,150,2047,317
73,42,103,72,204,120,2047,318
81,43,97,68,195,164,2047,341
100,44,121,85,178,171,2047,380
106,39,142,104,150,179,2047,443
117,44,168,114,138,167,2047,446
120,46,177,116,141,173,2047,455
135,45,177,118,145,132,2047,502
126,47,175,121,151,128,2047,444
119,45,154,103,144,117,2047,368
116,40,124,91,140,136,2047,371
114,38,115,90,137,171,2047,379
95,37,114,89,126,173,2047,305
80,34,99,63,104,173,2047,269
85,44,122,68,125,205,2047,279
86,45,129,63,128,203,2047,328
99,47,135,63,143,178,2047,377
94,47,139,60,143,179,2047,372
101,46,132,63,143,175,2047,381
95,41,131,64,125,133,2047,371
88,41,123,63,121,116,2047,319
66,40,116,58,89,109,2047,214
64,40,108,60,90,89,2047,205
53,42,109,58,91,87,2047,190
53,40,86,48,93,75,2047,178
49,38,84,48,80,66,2047,175
49,42,83,63,80,45,2047,180
52,45,83,66,100,67,2047,173
55,45,80,69,112,72,2047,177
61,46,71,72,123,81,2047,222
77,52,69,72,134,89,2047,203
78,53,65,63,147,101,2047,205
82,52,97,110,154,138,2047,319
83,52,122,122,223,177,2047,363
78,50,122,123,234,201,2047,348
67,46,158,126,254,226,2047,350
82,44,168,127,283,227,2047,392
94,45,158,87,320,245,2047,375
89,41,144,68,276,232,2047,337
117,46,167,63,302,226,2047,421
125,49,135,60,299,209,2047,441
118,49,128,65,271,204,2047,415
109,45,122,67,238,177,2047,422
116,48,133,67,236,163,2047,440
108,46,110,70,193,154,2047,414
112,44,124,92,180,159,2047,476
126,47,166,102,189,166,2047,543
124,50,190,106,167,148,2047,512
133,72,257,112,185,167,2047,522
128,74,275,122,197,186,2047,521
116,75,281,105,189,196,2047,478
109,76,278,94,185,201,2047,402
106,80,296,94,184,198,2047,381
95,64,237,85,176,182,2047,360
95,67,212,68,164,151,2047,319
94,64,205,66,156,116,2047,268
83,60,185,59,140,91,2047,262
102,67,201,54,137,80,2047,317
101,63,201,55,122,68,2047,303
105,58,200,52,112,60,2047,333
104,61,211,52,119,62,2047,335
103,60,203,52,116,69,2047,327
85,43,128,53,104,65,2047,273
85,48,117,49,132,78,2047,267
65,44,117,50,133,90,2047,194
65,38,87,52,141,109,2047,185
64,37,80,60,172,140,2047,185
81,48,77,62,211,170,2047,210
87,45,85,71,236,200,2047,247
91,48,84,96,267,222,2047,248
95,50,73,115,278,217,2047,261
111,53,74,121,278,227,2047,381
101,47,75,120,266,225,2047,377
91,54,71,117,242,208,2047,359
94,55,79,98,208,194,2047,400
117,57,132,76,209,241,2047,465
102,55,138,61,196,224,2047,387
130,55,142,61,202,212,2047,503
137,45,157,55,193,212,2047,528
138,52,170,80,186,241,2047,521
124,53,137,78,168,217,2047,466
145,57,152,86,175,228,2047,548
172,60,228,97,186,257,2047,630
168,66,257,108,198,248,2047,616
175,68,270,111,208,222,2047,610
173,64,279,116,204,220,2047,617
162,64,270,131,193,200,2047,549
107,61,207,125,152,156,2047,306
103,60,154,121,128,157,2047,300
88,54,125,109,113,136,2047,305
97,58,178,103,114,121,2047,288
95,57,177,75,107,114,2047,272
109,62,189,65,125,122,2047,295
110,59,191,55,129,119,2047,284
102,54,180,45,121,119,2047,231
94,52,111,48,122,99,2047,244
81,46,110,49,117,101,2047,230
54,36,85,50,97,81,2047,208
65,35,81,53,116,75,2047,275
70,41,110,49,120,72,2047,292
62,39,105,50,109,52,2047,266
65,41,103,47,133,72,2047,263
68,43,102,47,156,134,2047,242
61,43,97,50,169,173,2047,154
56,39,59,76,187,200,2047,109
61,39,74,88,198,206,2047,170
65,42,88,98,200,219,2047,186
69,44,92,100,224,273,2047,186
77,47,96,103,228,269,2047,187
84,52,104,90,220,277,2047,187
98,56,90,78,230,288,2047,316
101,54,86,68,232,279,2047,336
98,55,121,65,205,214,2047,347
118,57,145,58,195,226,2047,444
117,52,150,50,206,198,2047,471
112,53,176,49,200,185,2047,395
121,57,179,49,207,193,2047,446
128,53,170,49,209,220,2047,492
129,51,154,51,199,202,2047,506
156,57,154,53,212,198,2047,574
162,57,125,55,224,214,2047,623
163,54,135,73,234,236,2047,614
163,55,150,105,223,202,2047,587
166,69,240,133,249,234,2047,541
142,70,254,175,239,262,2047,470
129,70,271,181,219,258,2047,392
115,74,290,175,188,248,2047,325
119,75,287,164,199,246,2047,436
102,69,259,143,176,223,2047,415
100,65,259,90,154,195,2047,392
109,65,258,79,162,178,2047,400
115,62,235,77,168,149,2047,432
112,60,236,73,167,154,2047,423
100,51,188,68,153,122,2047,399
96,51,178,65,149,108,2047,401
89,54,167,66,139,108,2047,397
88,55,163,66,130,111,2047,392
71,53,150,59,105,98,2047,269
71,51,144,62,99,89,2047,268
66,51,120,58,98,88,2047,252
64,41,96,56,87,77,2047,231
63,32,76,52,89,63,2047,241
62,33,52,50,92,59,2047,228
70,34,48,68,107,97,2047,241
86,37,51,78,132,107,2047,309
106,40,67,90,200,117,2047,463
103,44,78,106,221,142,2047,463
102,45,86,108,249,172,2047,460
103,45,89,96,272,166,2047,493
105,44,97,92,288,177,2047,506
83,41,88,83,256,179,2047,395
87,42,83,71,240,178,2047,374
93,47,101,71,225,171,2047,393
85,46,107,72,190,178,2047,357
76,52,117,67,160,178,2047,301
77,50,122,65,152,171,2047,299
75,49,128,56,164,162,2047,319
86,48,114,57,171,155,2047,358
90,47,105,55,175,147,2047,367
94,42,117,60,179,175,2047,409
101,44,133,62,181,208,2047,418
107,49,158,76,173,236,2047,425
104,48,167,103,166,250,2047,401
110,50,174,107,168,252,2047,417
106,49,185,112,166,231,2047,375
102,54,196,112,163,217,2047,358
97,52,184,111,157,188,2047,323
84,48,180,86,133,156,2047,292
89,49,181,87,134,143,2047,277
87,48,155,79,121,136,2047,270
89,47,151,77,123,110,2047,270
88,44,144,62,119,93,2047,268
94,43,135,64,123,86,2047,276
82,50,151,59,121,108,2047,248
80,51,155,54,111,94,2047,235
75,47,128,50,110,94,2047,220
78,48,120,53,113,93,2047,239
75,49,124,46,113,95,2047,230
72,37,90,47,106,90,2047,219
72,36,72,49,118,127,2047,215
80,43,110,52,129,151,2047,280
86,43,125,51,156,213,2047,292
94,46,127,53,233,285,2047,309
106,53,137,78,277,317,2047,341
121,56,175,84,285,313,2047,486
124,52,163,91,314,361,2047,487
118,56,173,95,315,353,2047,471
113,61,193,94,272,307,2047,468
107,58,191,75,256,318,2047,468
99,56,164,67,272,328,2047,356
105,61,164,58,266,279,2047,321
108,64,194,50,253,255,2047,343
110,58,172,48,246,262,2047,349
114,58,181,48,222,213,2047,342
113,58,177,48,195,185,2047,330
109,58,177,49,152,170,2047,371
102,50,127,56,146,172,2047,384
120,54,129,67,178,174,2047,524
123,51,119,73,181,179,2047,555
137,55,156,86,192,199,2047,589
156,54,160,87,198,254,2047,618
175,54,166,91,210,279,2047,657
170,53,186,88,195,270,2047,630
162,56,185,87,187,261,2047,597
155,53,154,79,189,248,2047,614
129,47,148,77,175,184,2047,557
106,49,135,69,162,175,2047,492
91,54,109,66,143,164,2047,387
96,53,99,58,145,168,2047,404
115,55,98,52,158,170,2047,400
120,57,79,53,161,168,2047,402
122,60,69,49,155,116,2047,389
122,57,54,52,182,143,2047,366
123,58,59,58,263,212,2047,386
105,53,54,60,270,224,2047,394
99,53,63,61,283,240,2047,403
101,48,72,72,303,258,2047,400
127,46,80,77,306,251,2047,496
129,52,103,75,260,202,2047,519
118,51,113,74,236,199,2047,449
126,53,122,77,243,194,2047,437
152,55,123,68,271,236,2047,564
155,59,135,60,308,322,2047,559
165,59,156,59,327,335,2047,614
166,60,161,59,356,421,2047,610
162,56,161,54,356,454,2047,624
170,61,168,56,343,440,2047,655
154,57,161,55,312,420,2047,656
146,55,186,57,288,430,2047,590
141,58,181,56,253,344,2047,584
142,62,177,50,237,296,2047,600
110,54,170,49,221,301,2047,487
113,55,171,50,217,247,2047,428
105,55,151,55,200,202,2047,405
123,58,180,106,195,206,2047,452
139,64,218,120,211,215,2047,485
131,65,233,123,197,173,2047,484
130,63,237,127,180,168,2047,498
140,63,219,126,182,173,2047,518
133,65,222,91,182,159,2047,490
116,70,276,80,165,134,2047,426
122,83,296,78,168,131,2047,401
130,85,299,71,175,113,2047,470
131,92,302,66,179,101,2047,475
124,86,288,62,168,95,2047,477
124,80,202,56,170,104,2047,485
114,68,150,52,150,102,2047,468
93,67,142,52,134,98,2047,379
72,53,115,52,119,82,2047,340
68,52,97,48,127,75,2047,316
70,45,95,53,151,85,2047,362
80,42,87,51,184,119,2047,410
79,43,69,57,199,140,2047,378
80,45,68,77,213,147,2047,353
89,44,69,84,215,150,2047,406
83,45,71,88,229,198,2047,349
74,45,72,91,254,192,2047,285
74,40,68,92,248,207,2047,294
78,40,69,81,268,230,2047,299
78,44,72,76,291,235,2047,268
99,48,95,67,303,215,2047,437
100,51,107,65,323,238,2047,445
115,57,116,63,349,278,2047,516
116,58,127,60,335,276,2047,530
120,63,171,59,318,283,2047,527
103,68,250,63,288,268,2047,413
106,71,325,60,297,290,2047,482
120,99,445,65,320,282,2047,482
168,115,476,65,333,304,2047,585
178,122,494,71,341,302,2047,605
194,126,485,70,348,305,2047,652
198,130,462,77,291,273,2047,608
181,112,368,79,233,220,2047,561
167,99,346,79,218,169,2047,548
158,84,302,99,198,159,2047,574
141,76,270,112,192,154,2047,555
134,65,244,114,187,125,2047,546
137,68,254,114,182,130,2047,538
130,71,242,128,181,125,2047,506
134,72,248,112,185,127,2047,507
138,67,242,101,162,143,2047,465
139,70,224,96,158,142,2047,474
139,64,189,87,152,132,2047,484
109,54,163,61,115,126,2047,401
96,55,146,58,112,121,2047,343
86,54,120,53,115,85,2047,328
79,50,112,49,108,76,2047,308
72,48,85,48,101,73,2047,275
70,47,76,54,106,61,2047,275
64,43,67,57,93,45,2047,214
64,36,69,64,129,111,2047,181
69,37,67,73,179,173,2047,243
78,35,84,74,212,196,2047,339
114,38,90,74,231,228,2047,427
119,39,93,77,265,250,2047,445
121,44,93,71,291,279,2047,451
127,44,101,62,284,293,2047,435
152,48,99,60,363,379,2047,514
142,48,101,62,386,390,2047,477
145,57,162,55,371,386,2047,508
178,63,215,58,369,406,2047,604
176,62,228,57,359,393,2047,610
157,64,247,58,268,319,2047,525
156,64,256,54,233,301,2047,537
169,57,231,56,265,294,2047,599
144,49,188,49,228,222,2047,539
148,53,180,51,229,199,2047,536
160,55,159,63,235,176,2047,548
158,54,158,73,221,157,2047,563
151,68,283,97,208,175,2047,561
156,78,338,107,213,173,2047,617
159,76,340,108,208,161,2047,615
142,72,337,103,190,155,2047,589
153,85,359,100,203,144,2047,613
143,77,272,72,171,112,2047,537
128,73,211,73,163,98,2047,449
115,71,202,68,154,89,2047,429
110,70,198,68,146,74,2047,419
83,58,150,60,125,61,2047,300
79,58,145,62,111,55,2047,276
65,50,120,45,87,54,2047,232
70,54,113,45,109,48,2047,242
68,53,111,44,110,53,2047,231
59,48,89,44,102,57,2047,196
54,45,64,48,128,136,2047,159
63,47,64,54,179,197,2047,193
108,48,73,63,220,255,2047,347
114,46,88,76,240,273,2047,391
124,57,103,81,267,294,2047,392
131,55,111,83,269,284,2047,426
129,54,112,84,242,272,2047,417
93,51,106,79,245,247,2047,296
93,51,96,69,245,243,2047,253
87,40,84,71,233,222,2047,287
76,42,77,66,226,226,2047,241
90,42,81,59,252,205,2047,290
96,41,81,59,223,197,2047,325
100,41,93,57,206,181,2047,371
110,42,106,56,198,183,2047,453
127,49,150,79,273,175,2047,584
131,57,189,106,266,234,2047,627
144,63,207,117,282,238,2047,667
150,71,222,118,296,264,2047,683
148,72,222,125,296,259,2047,638
138,67,206,118,230,253,2047,545
141,63,183,98,257,209,2047,538
127,60,173,87,240,179,2047,483
118,60,195,85,220,138,2047,434
121,60,194,74,230,138,2047,461
117,59,202,67,222,117,2047,446
99,56,203,65,166,76,2047,366
107,54,194,64,148,91,2047,393
99,42,152,63,149,89,2047,395
95,46,157,55,143,86,2047,378
94,44,138,46,147,90,2047,373
93,43,115,39,148,98,2047,370
76,40,119,34,148,115,2047,313
87,43,115,39,169,188,2047,335
82,39,104,40,170,211,2047,303
83,39,102,48,192,235,2047,290
84,40,96,58,270,320,2047,281
119,55,92,70,486,646,2047,314
166,65,104,78,600,727,2047,463
168,65,108,89,622,762,2047,459
170,66,126,92,624,760,2047,467
168,63,128,89,612,743,2047,463
152,57,137,82,460,488,2047,476
94,49,140,77,295,342,2047,326
86,46,148,62,234,238,2047,330
92,49,142,58,217,242,2047,417
98,52,149,58,184,188,2047,444
95,50,145,62,190,179,2047,423
122,51,138,59,211,157,2047,503
132,49,136,68,224,170,2047,547
145,52,145,83,220,161,2047,561
159,55,160,127,219,193,2047,649
181,66,179,139,241,188,2047,712
164,63,178,140,221,176,2047,651
157,67,188,138,211,157,2047,619
138,68,180,134,205,133,2047,561
121,63,166,93,191,111,2047,451
87,54,163,73,153,117,2047,344
81,53,156,70,131,117,2047,327
77,52,137,66,117,118,2047,326
83,44,130,53,111,116,2047,308
87,47,136,52,103,82,2047,308
80,43,115,46,99,77,2047,288
78,44,119,48,120,109,2047,276
80,41,108,58,146,154,2047,246
76,44,108,60,160,161,2047,230
72,42,87,64,170,175,2047,199
66,41,75,70,205,193,2047,203
65,39,64,78,213,222,2047,192
64,40,65,76,237,226,2047,172
67,41,50,76,286,283,2047,166
67,45,57,76,325,316,2047,164
123,59,67,81,335,335,2047,372
140,62,84,78,333,330,2047,418
147,64,104,78,363,337,2047,435
148,65,121,76,326,295,2047,472
158,62,129,80,285,254,2047,526
132,50,140,79,256,218,2047,462
118,48,136,73,256,191,2047,428
108,45,129,71,186,139,2047,421
123,42,119,77,202,131,2047,444
122,50,121,74,209,150,2047,443
114,49,109,73,201,157,2047,417
127,50,139,81,195,183,2047,513
136,50,168,87,195,185,2047,625
137,53,186,98,183,196,2047,653
132,50,197,103,181,195,2047,640
134,62,240,100,180,189,2047,617
123,63,244,97,175,167,2047,589
113,61,244,90,153,166,2047,487
96,60,234,71,145,147,2047,438
83,56,223,61,131,125,2047,399
79,44,180,55,130,118,2047,421
82,41,148,62,118,105,2047,379
82,42,116,61,117,98,2047,350
76,48,110,63,103,92,2047,293
75,51,115,65,101,88,2047,298
78,49,104,64,96,79,2047,299
66,48,104,50,97,70,2047,256
64,48,91,55,94,62,2047,246
65,41,86,55,103,78,2047,241
69,36,72,57,124,119,2047,233
66,36,65,60,128,139,2047,190
71,37,59,79,162,163,2047,183
75,50,60,83,177,195,2047,174
71,51,52,88,186,194,2047,142
71,55,43,100,179,192,2047,123
80,57,54,101,197,197,2047,241
84,55,58,102,222,222,2047,265
83,45,55,101,219,207,2047,274
89,45,56,106,214,212,2047,307
95,40,92,95,234,204,2047,346
85,35,91,93,242,200,2047,302
84,35,91,79,221,166,2047,298
83,34,125,77,233,168,2047,348
102,39,153,61,245,158,2047,439
106,39,136,74,232,150,2047,436
111,50,147,84,208,187,2047,455
128,64,198,86,206,204,2047,517
148,79,255,110,215,236,2047,541
147,77,252,111,209,241,2047,545
143,78,256,104,199,261,2047,549
143,72,257,98,204,231,2047,563
131,71,258,96,206,205,2047,519
114,53,189,62,179,152,2047,482
107,54,181,58,184,142,2047,468
133,57,177,54,210,133,2047,556
130,59,182,63,208,142,2047,543
141,49,150,83,219,155,2047,626
143,53,180,99,227,169,2047,641
133,56,200,103,215,173,2047,590
115,54,206,114,192,160,2047,519
121,54,199,109,212,144,2047,527
106,54,211,95,186,138,2047,435
95,55,217,84,173,142,2047,391
100,52,194,83,168,138,2047,370
85,51,197,67,162,120,2047,314
74,52,211,65,124,119,2047,251
67,53,195,66,109,117,2047,200
67,50,169,61,100,84,2047,188
58,46,165,60,90,77,2047,191
55,46,151,58,107,84,2047,204
77,45,131,62,130,98,2047,340
75,46,103,59,149,153,2047,343
76,46,80,60,199,171,2047,346
77,46,88,60,207,210,2047,354
99,53,107,63,224,219,2047,417
126,57,103,70,271,248,2047,415
129,54,119,70,288,241,2047,417
131,54,142,69,276,234,2047,415
138,57,164,80,291,204,2047,447
129,51,160,82,284,199,2047,424
90,44,165,74,246,162,2047,346
100,47,166,75,216,128,2047,387
129,55,166,73,232,140,2047,479
130,51,150,59,213,147,2047,464
139,55,154,53,217,142,2047,482
141,54,146,56,201,132,2047,491
139,50,142,58,203,131,2047,492
115,43,124,61,164,120,2047,433
112,48,137,75,165,128,2047,481
102,47,134,86,152,133,2047,475
101,48,135,108,154,146,2047,463
128,53,140,130,147,138,2047,522
129,52,156,139,142,134,2047,510
133,53,176,142,173,148,2047,489
145,60,231,149,185,152,2047,506
145,61,239,138,185,146,2047,516
130,62,255,117,189,152,2047,487
133,62,252,118,193,168,2047,514
123,60,239,107,164,148,2047,477
107,53,203,98,155,148,2047,526
100,53,196,98,146,143,2047,507
83,55,171,99,144,148,2047,434
69,53,159,82,148,145,2047,392
73,55,136,83,151,154,2047,385
66,55,107,74,141,174,2047,190
71,53,102,67,171,189,2047,157
70,48,101,67,206,210,2047,198
76,56,139,87,221,250,2047,228
72,54,156,104,234,261,2047,226
69,54,163,110,261,308,2047,224
65,59,184,114,251,316,2047,233
68,62,194,112,231,301,2047,230
71,54,203,98,237,270,2047,228
67,54,192,76,229,257,2047,227
77,53,197,63,209,186,2047,235
89,53,182,61,214,171,2047,320
110,50,171,56,219,181,2047,356
131,53,139,75,200,177,2047,435
135,53,176,85,188,176,2047,475
155,52,175,128,185,170,2047,550
157,48,183,132,180,185,2047,569
144,50,200,137,169,177,2047,565
122,46,213,134,152,169,2047,491
135,48,187,129,173,169,2047,542
111,49,180,92,178,213,2047,503
97,50,165,102,167,205,2047,457
98,53,155,102,159,205,2047,437
97,60,184,95,162,206,2047,438
74,58,181,93,136,202,2047,341
76,56,176,86,102,153,2047,306
77,54,175,60,97,123,2047,260
