26,32,72,40,68,120,2025,27
27,35,70,41,74,131,2044,30
25,43,80,41,74,132,2046,30
27,48,85,39,75,135,2047,30
28,81,113,42,95,163,2046,33
29,96,140,40,88,143,2045,32
30,100,179,43,84,136,2046,30
31,100,196,44,92,153,2047,31
30,100,205,47,99,164,2047,32
30,79,195,44,80,135,2047,29
27,60,177,45,75,127,2047,30
26,52,142,42,75,126,2047,30
26,50,111,47,75,117,2047,31
30,47,90,50,66,135,2047,30
29,42,72,54,69,135,2047,29
31,42,66,53,66,135,2047,27
33,44,61,65,91,218,2047,40
32,39,66,65,93,218,2047,39
29,42,64,67,93,195,2047,39
32,47,75,105,96,196,2047,42
33,50,86,135,129,204,2047,42
33,61,97,157,128,123,2047,33
35,65,117,172,129,117,2047,33
36,69,140,190,134,117,2047,33
37,77,174,198,130,112,2047,32
35,81,207,186,97,86,2047,31
34,74,215,168,84,59,2047,27
34,72,208,152,75,63,2047,31
37,79,206,160,79,62,2047,34
35,76,223,213,81,75,2047,35
40,78,222,282,91,87,2047,38
42,89,235,316,96,99,2047,41
42,91,259,374,99,95,2047,39
44,84,268,420,98,112,2047,39
51,88,246,411,113,137,2047,41
48,82,219,374,108,132,2047,40
49,76,218,414,110,138,2047,40
54,80,223,465,125,164,2047,43
53,80,215,428,158,229,2047,46
31,64,127,58,38,139,2014,49
31,50,122,51,38,74,2044,30
31,43,119,57,43,69,2047,27
32,47,123,55,45,67,2048,28
33,46,111,51,42,75,2047,28
33,48,104,53,48,80,2046,27
33,52,136,56,47,77,2046,26
30,50,126,50,48,77,2047,29
30,50,130,62,48,85,2047,26
31,53,151,63,49,78,2047,26
28,52,154,62,50,85,2047,29
28,51,152,66,58,87,2047,28
29,50,167,76,59,99,2047,29
31,49,158,77,63,100,2047,32
30,46,147,76,61,97,2047,31
33,69,168,75,64,90,2047,29
51,217,167,94,77,110,2047,32
221,319,183,94,165,138,2047,62
290,380,207,95,234,147,2047,86
301,477,212,97,248,150,2047,100
317,498,200,135,257,152,2047,112
334,479,223,238,264,140,2047,123
308,539,251,358,241,123,2047,143
258,537,294,561,196,106,2047,135
274,517,302,601,187,103,2047,133
333,505,359,795,221,108,2047,171
367,499,469,1000,345,156,2047,190
337,379,489,1008,350,154,2047,193
373,335,509,1077,367,157,2047,200
369,239,571,1126,394,167,2047,205
309,237,616,1061,394,179,2047,170
249,208,548,892,296,145,2047,143
234,192,544,856,276,135,2047,107
151,171,521,650,245,132,2047,87
107,159,460,532,203,134,2047,63
69,116,346,390,164,160,2047,49
60,104,290,362,157,155,2047,49
72,103,290,421,172,201,2047,103
111,147,271,399,183,200,2047,129
225,271,314,357,214,230,2047,170
414,480,347,357,222,234,2047,205
569,724,399,351,257,229,2047,196
747,953,401,386,256,244,2047,245
734,1011,415,450,265,216,2047,226
666,997,400,517,304,218,2047,200
620,890,358,479,347,226,2047,224
693,785,346,473,389,215,2047,264
611,731,384,452,390,198,2047,231
621,755,340,428,373,196,2047,235
669,754,426,372,424,260,2047,271
646,761,432,383,428,254,2047,279
482,751,450,403,400,247,2047,241
465,712,427,463,404,244,2047,229
446,564,475,585,410,244,2047,236
446,475,530,838,370,243,2047,270
497,414,646,1083,443,291,2047,308
525,384,667,1195,532,305,2047,323
528,373,687,1242,550,313,2047,329
523,360,673,1209,545,321,2047,326
437,315,594,1070,526,275,2047,265
282,240,454,833,416,189,2047,174
169,189,453,740,290,157,2047,129
137,171,423,610,222,142,2047,114
100,168,465,556,222,111,2047,86
75,161,440,541,194,101,2047,71
68,141,424,505,165,108,2047,63
66,133,351,349,136,110,2047,69
334,532,387,464,232,215,2047,150
387,724,434,476,251,235,2047,166
520,801,456,506,288,244,2047,211
596,951,527,455,337,250,2047,229
632,982,567,459,413,269,2047,236
707,1023,651,418,669,396,2047,325
644,1035,706,424,784,456,2047,328
630,960,781,415,802,467,2047,348
622,963,929,436,812,482,2047,385
619,1081,1212,427,726,417,2047,357
565,893,1198,335,555,319,2047,309
509,840,1115,308,500,290,2047,276
451,743,1000,328,415,248,2047,218
432,395,616,502,376,293,2047,266
448,341,621,837,412,312,2047,338
435,332,701,1034,530,404,2047,351
545,363,772,1108,573,493,2047,494
607,408,770,1192,600,500,2047,545
540,417,760,1247,601,478,2047,566
540,412,676,1121,463,387,2047,554
360,364,562,944,352,268,2047,391
302,348,476,703,271,276,2047,288
264,301,425,514,217,242,2047,216
200,266,402,575,225,245,2047,195
123,270,300,464,164,138,2047,101
247,445,308,370,150,129,2047,140
297,456,320,367,173,134,2047,153
633,841,528,468,256,160,2047,199
664,949,665,407,313,192,2047,211
770,1036,688,412,346,221,2047,281
662,1005,1003,417,467,285,2047,356
621,945,1140,529,666,315,2047,380
678,979,1039,549,726,317,2047,398
682,983,974,525,750,314,2047,375
485,690,587,475,527,264,2047,242
392,462,818,758,433,246,2047,268
572,421,1018,980,571,503,2047,471
667,451,1079,1180,677,556,2047,606
721,480,1011,1211,759,602,2047,630
716,472,962,1104,713,591,2047,626
616,447,935,1082,649,457,2047,558
419,320,662,691,415,311,2047,295
307,259,501,513,218,228,2047,215
135,168,319,415,231,211,2047,113
145,181,335,445,264,219,2047,117
178,228,286,437,263,225,2047,115
205,368,293,381,285,183,2047,112
384,890,414,348,229,174,2047,199
601,1063,479,365,386,234,2047,265
681,1077,489,356,429,237,2047,269
669,961,599,466,656,283,2047,305
682,973,785,492,646,248,2047,313
680,1016,947,528,639,254,2047,375
691,1062,1042,605,673,273,2047,382
795,1223,1127,764,725,295,2047,398
766,1217,1145,692,744,336,2047,375
474,422,889,1136,545,302,2047,255
379,385,833,1001,480,260,2047,205
247,271,587,787,310,230,2047,166
182,235,479,670,276,186,2047,132
144,213,407,525,251,175,2047,117
110,197,386,512,169,137,2047,93
106,167,377,524,171,135,2047,98
83,128,314,463,137,94,2047,94
383,688,331,442,306,169,2047,179
488,779,357,440,358,181,2047,214
603,895,448,461,406,216,2047,278
663,918,456,553,440,238,2047,303
662,903,423,559,470,248,2047,301
627,843,542,583,491,264,2047,336
621,860,874,538,466,256,2047,381
617,802,1065,558,542,254,2047,384
639,916,1157,586,726,291,2047,389
566,917,1088,568,706,311,2047,316
467,799,1051,609,623,305,2047,254
481,571,916,756,454,351,2047,328
444,364,636,1086,433,333,2047,460
317,269,684,1013,416,317,2047,415
273,241,696,1007,438,323,2047,420
111,196,305,354,209,140,2047,143
164,369,333,344,261,158,2047,118
412,537,493,370,415,201,2047,229
488,748,710,481,533,246,2047,279
561,894,793,524,596,245,2047,302
642,989,852,527,625,265,2047,384
596,984,1119,611,706,323,2047,328
595,986,1101,633,717,298,2047,304
551,963,986,621,643,274,2047,307
582,779,804,560,616,256,2047,303
532,462,702,884,453,313,2047,370
587,435,794,966,484,352,2047,429
579,450,795,1005,504,358,2047,412
528,367,760,976,462,331,2047,379
454,346,792,878,452,311,2047,342
342,336,682,682,339,277,2047,257
213,305,591,547,250,219,2047,128
182,268,549,432,188,181,2047,128
75,199,351,408,153,154,2047,64
77,183,311,344,164,132,2047,64
70,233,303,274,146,124,2047,65
80,269,312,267,161,144,2047,63
181,464,315,274,226,159,2047,102
521,873,512,280,294,197,2047,261
715,938,698,284,306,213,2047,343
765,981,743,320,347,244,2047,477
815,1061,833,436,480,283,2047,545
815,1004,1098,542,516,274,2047,571
688,1098,1255,644,795,418,2047,434
528,379,883,1142,399,273,2047,363
111,205,407,663,243,189,2047,117
91,169,269,385,156,115,2047,80
686,924,585,611,318,212,2047,305
765,911,684,670,420,234,2047,324
719,413,908,1040,382,490,2047,489
588,369,941,980,347,455,2047,421
105,135,358,539,188,165,2047,98
235,346,237,463,170,135,2047,89
277,427,315,389,172,144,2047,150
849,965,961,480,495,312,2047,559
774,978,1116,527,559,321,2047,509
784,1065,1170,616,644,327,2047,519
704,272,808,1315,398,244,2047,321
415,273,557,855,287,187,2047,193
227,205,418,493,200,181,2047,119
164,177,354,571,160,177,2047,94
131,143,318,543,162,167,2047,89
549,903,615,374,611,258,2047,410
525,669,208,507,424,246,2047,276
595,296,657,940,420,300,2047,357
284,283,515,833,327,246,2047,183
214,356,209,288,169,181,2047,114
660,395,754,1150,501,413,2047,455
499,360,647,979,410,405,2047,377
1117,1187,1431,630,1092,661,2047,676
602,473,550,1045,573,388,2047,532
605,387,505,1194,584,399,2047,527
617,385,525,1245,629,396,2047,532
297,238,579,824,326,179,2047,239
962,1072,709,790,860,605,2047,762
1003,1073,995,845,926,617,2047,840
735,599,614,1173,725,391,2047,475
125,209,296,519,235,218,2047,87
333,631,336,361,413,238,2047,252
440,701,383,459,422,279,2047,320
659,859,762,646,564,285,2047,453
574,767,627,498,472,277,2047,393
62,100,191,216,84,117,2047,49
183,150,213,239,225,131,2047,76
236,204,232,286,313,153,2047,109
294,401,259,320,332,162,2047,153
423,639,294,315,344,161,2047,203
499,848,358,326,411,182,2047,243
334,734,516,381,522,183,2047,221
336,704,470,343,517,182,2047,236
323,656,431,402,487,173,2047,198
293,630,399,415,581,220,2047,189
248,471,282,414,501,216,2047,177
185,418,331,562,449,217,2047,178
133,277,421,735,438,241,2047,176
144,178,533,1093,407,177,2047,133
139,168,478,971,367,199,2047,126
106,165,474,904,316,170,2047,106
91,153,419,659,236,163,2047,104
87,151,423,696,218,153,2047,87
86,141,397,606,206,155,2047,80
69,131,334,537,171,122,2047,61
57,113,309,406,148,171,2047,54
50,92,311,536,154,169,2047,50
473,561,242,309,172,191,2047,170
524,573,300,395,179,201,2047,224
588,697,442,423,216,215,2047,252
650,839,469,461,343,258,2047,296
750,921,580,477,402,264,2047,315
562,907,925,433,557,271,2047,263
503,796,705,411,528,267,2047,250
442,668,616,460,485,265,2047,232
376,590,611,713,413,279,2047,220
371,387,655,942,401,282,2047,199
370,416,759,1063,485,317,2047,230
410,430,824,1205,564,330,2047,254
81,149,329,557,159,160,2047,61
83,144,340,572,158,151,2047,75
78,133,333,623,160,166,2047,77
67,120,318,538,132,161,2047,73
90,141,327,490,154,159,2047,76
127,187,300,496,149,160,2047,87
131,200,241,463,147,156,2047,74
177,495,227,307,143,154,2047,101
326,788,310,377,162,161,2047,138
540,1063,583,321,437,219,2047,432
499,828,767,286,551,244,2047,359
569,858,797,305,560,237,2047,375
551,787,926,420,569,256,2047,384
594,866,1057,443,606,292,2047,365
596,913,1030,449,643,298,2047,372
456,748,586,291,470,222,2047,290
399,669,554,349,405,214,2047,269
316,507,448,587,388,221,2047,237
273,304,659,867,313,212,2047,211
348,283,773,993,347,230,2047,297
368,270,809,1123,356,219,2047,305
398,259,819,1146,337,204,2047,301
393,278,849,1067,296,181,2047,292
376,311,748,1003,328,184,2047,270
117,205,412,767,191,187,2047,100
83,166,369,512,151,185,2047,62
63,134,300,370,148,201,2047,52
67,152,236,276,149,143,2047,51
94,190,219,277,124,140,2047,61
213,387,250,259,128,129,2047,147
288,471,346,249,205,158,2047,196
368,709,386,247,244,161,2047,231
499,963,431,247,258,164,2047,300
603,998,455,247,306,187,2047,379
614,1090,532,232,421,245,2047,390
641,1130,561,219,444,254,2047,441
625,1048,640,212,483,261,2047,455
656,1007,929,265,555,270,2047,461
805,1026,1015,343,663,245,2047,483
899,1044,1001,367,675,256,2047,502
832,933,953,335,657,245,2047,487
752,892,813,331,637,246,2047,414
507,595,779,250,396,196,2047,271
324,350,695,854,342,254,2047,220
336,319,625,981,330,275,2047,296
342,324,634,980,292,219,2047,321
301,264,601,965,273,220,2047,319
204,256,514,842,229,175,2047,217
180,239,525,903,228,162,2047,186
179,235,525,765,207,156,2047,172
158,191,477,745,184,123,2047,133
115,156,375,563,131,124,2047,97
98,154,363,549,122,121,2047,90
88,163,339,416,119,106,2047,69
79,170,291,381,151,110,2047,67
87,193,261,424,177,120,2047,66
319,452,286,380,157,139,2047,111
412,599,437,316,129,137,2047,148
459,715,519,441,173,140,2047,184
517,854,541,487,263,202,2047,214
579,949,563,596,402,229,2047,288
614,1014,563,599,502,264,2047,304
621,1067,523,615,561,287,2047,334
611,1072,728,625,680,350,2047,354
601,1011,841,685,714,332,2047,366
659,1068,1101,771,728,410,2047,374
756,1056,933,434,566,341,2047,392
690,908,961,437,527,306,2047,336
588,816,893,486,498,270,2047,302
479,319,662,1069,306,222,2047,207
207,490,199,273,107,188,2047,110
29,49,101,271,81,73,2046,27
31,48,129,281,92,76,2046,27
33,49,132,267,86,73,2047,28
33,53,150,311,109,74,2047,28
34,56,157,303,108,59,2047,31
27,50,128,166,74,68,2047,30
29,51,132,163,83,71,2047,30
60,83,125,246,112,54,2047,35
60,86,126,267,97,53,2047,33
62,90,152,381,105,57,2047,37
46,80,157,399,107,73,2047,34
47,90,170,413,111,77,2047,38
58,100,140,255,116,72,2047,39
92,110,135,276,117,70,2047,54
92,99,125,262,127,72,2047,52
219,435,186,261,251,119,2047,107
517,738,278,357,506,246,2047,243
583,878,307,380,529,263,2047,275
614,921,424,482,576,258,2047,290
593,991,507,498,629,270,2047,276
729,1033,549,489,651,278,2047,333
683,920,522,449,551,223,2047,318
637,828,488,469,513,226,2047,305
601,651,421,541,422,232,2047,319
442,362,384,705,398,214,2047,302
505,366,815,1257,453,230,2047,469
506,420,837,1232,448,195,2047,463
83,146,273,632,153,174,2047,67
68,120,259,479,164,188,2047,56
179,131,234,298,195,166,2047,91
286,308,261,286,240,190,2047,148
728,1096,522,365,446,202,2047,256
782,1161,534,402,521,249,2047,296
749,1027,641,620,810,376,2047,335
720,978,615,651,921,456,2047,392
733,967,618,641,926,454,2047,389
571,674,557,553,456,264,2047,256
581,414,802,1090,346,286,2047,614
216,239,474,792,220,136,2047,244
494,765,316,347,536,272,2047,224
523,853,442,421,704,367,2047,276
527,872,487,482,689,355,2047,264
588,899,509,510,716,349,2047,287
611,939,511,512,812,377,2047,314
694,899,588,632,945,489,2047,395
821,937,628,755,972,482,2047,424
890,1101,700,884,1014,546,2047,509
753,979,651,800,863,452,2047,439
477,701,653,574,561,367,2047,306
441,648,697,748,529,392,2047,316
522,564,731,813,517,436,2047,433
317,337,777,1051,296,265,2047,302
876,1028,696,669,765,356,2047,483
863,955,775,719,829,376,2047,497
446,371,799,1071,400,366,2047,460
535,668,474,428,472,229,2047,268
705,875,689,508,537,254,2047,331
1151,1278,770,596,786,411,2047,641
1128,1230,822,594,842,465,2047,641
836,1046,1020,750,876,493,2047,461
720,932,1122,738,829,434,2047,380
516,691,701,723,642,259,2047,285
421,468,982,1051,499,355,2047,284
384,735,396,477,483,196,2047,151
763,844,670,622,859,481,2047,368
817,922,726,624,954,532,2047,405
451,743,888,823,581,253,2047,318
201,251,578,766,239,108,2047,151
1012,972,535,535,613,300,2047,428
96,145,296,446,128,138,2047,77
784,1049,814,699,868,441,2047,381
385,425,640,892,449,265,2047,258
433,402,756,1253,561,279,2047,333
132,223,313,403,169,96,2047,69
713,840,616,368,967,442,2047,328
451,929,575,422,841,313,2047,334
687,1018,926,319,455,221,2047,299
64,100,172,401,128,152,2025,43
63,103,168,335,120,134,2043,41
62,102,234,316,118,137,2046,42
63,116,291,327,120,141,2047,45
94,137,312,334,154,142,2046,70
102,151,305,260,175,173,2045,76
107,168,383,479,244,168,2046,108
109,174,375,496,261,176,2047,112
113,179,432,503,272,180,2047,113
77,152,430,521,250,175,2047,99
64,144,462,524,242,147,2046,96
83,175,432,335,183,153,2047,67
136,186,413,309,326,219,2047,90
357,643,487,321,411,236,2047,180
520,832,546,334,479,265,2047,270
614,939,539,391,608,318,2047,289
723,1154,681,537,697,430,2047,386
696,1051,648,522,716,438,2047,387
606,1017,631,516,704,432,2047,336
594,1090,623,501,646,417,2047,380
586,1062,639,484,647,324,2047,375
548,792,805,470,739,317,2047,309
513,581,859,452,724,304,2047,271
360,452,598,374,523,283,2047,224
343,391,557,397,466,270,2047,216
537,309,767,1281,408,351,2047,379
262,252,771,1057,334,266,2047,206
208,227,737,925,298,228,2047,191
160,194,632,828,234,190,2047,160
130,180,570,782,224,162,2047,136
102,128,434,703,167,162,2047,89
72,131,422,672,157,168,2047,73
59,119,395,502,126,171,2047,67
57,105,260,355,113,156,2047,52
62,116,241,324,141,166,2047,52
66,124,213,267,183,161,2047,51
152,402,374,317,292,221,2047,87
209,508,441,488,346,241,2047,128
291,712,530,532,406,262,2047,145
356,771,581,544,437,375,2047,154
372,808,629,522,439,378,2047,164
439,836,645,528,490,382,2047,168
441,879,641,374,556,393,2047,156
416,811,634,360,633,308,2047,178
402,795,776,396,675,318,2047,179
343,763,892,379,683,315,2047,263
322,689,1094,393,643,288,2047,266
277,565,1110,384,684,305,2047,288
292,565,1126,376,689,316,2047,290
313,508,1012,330,659,295,2047,291
342,489,908,309,688,292,2047,236
367,466,611,286,697,299,2047,235
363,467,540,276,628,318,2047,228
319,421,455,268,512,282,2047,205
581,330,714,1195,390,282,2047,644
601,331,767,1323,437,287,2047,695
600,331,815,1331,451,288,2047,704
562,285,842,1243,414,259,2047,681
459,260,706,1094,361,235,2047,557
273,212,665,902,316,179,2047,361
226,203,611,797,244,273,2047,282
175,194,553,769,226,288,2047,282
144,175,461,706,193,289,2047,261
99,142,319,675,167,308,2047,220
78,128,281,552,141,197,2047,168
60,120,305,506,116,168,2047,88
49,97,353,438,128,197,2047,64
78,179,490,402,174,354,2047,75
88,196,540,399,187,351,2047,82
700,778,672,614,240,485,2047,347
714,850,683,638,281,487,2047,354
761,954,755,600,320,487,2047,364
768,990,738,642,366,374,2047,376
730,955,748,600,443,330,2047,357
480,855,771,558,520,281,2047,236
482,820,855,561,562,291,2047,272
438,744,884,495,595,272,2047,293
365,658,1006,404,580,295,2047,285
350,629,975,364,544,386,2047,312
369,666,952,359,482,389,2047,315
352,628,848,270,454,400,2047,292
325,568,754,230,383,413,2047,269
305,482,558,253,355,387,2047,250
335,402,506,395,311,309,2047,238
391,256,651,652,305,359,2047,305
563,308,817,848,241,371,2047,409
673,284,1019,1015,338,376,2047,478
693,352,1042,1185,421,379,2047,491
647,378,1042,1224,429,353,2047,438
337,320,679,1043,381,302,2047,257
129,153,388,496,164,188,2047,111
132,195,425,462,143,182,2047,102
121,401,287,327,128,216,2047,74
119,412,267,297,127,232,2047,74
130,437,205,308,149,246,2047,73
143,378,253,300,153,209,2047,73
192,522,345,398,183,211,2047,93
322,675,377,451,185,186,2047,126
626,1096,565,362,560,379,2047,326
597,1039,641,356,640,405,2047,370
523,822,773,285,509,246,2047,282
462,700,639,257,413,243,2047,247
475,454,736,622,305,272,2047,277
645,407,943,868,383,311,2047,516
658,392,1016,989,399,284,2047,534
600,334,957,1005,407,272,2047,507
467,314,748,1120,316,171,2047,348
224,245,465,970,250,214,2047,185
187,220,455,783,230,238,2047,127
97,158,308,491,171,293,2047,88
86,143,307,438,172,288,2047,84
67,137,229,443,171,258,2047,81
61,137,229,425,152,220,2047,71
62,139,241,377,176,219,2047,66
82,179,274,351,222,302,2047,62
113,222,288,355,284,330,2047,79
163,341,335,324,289,349,2047,85
489,735,415,556,465,390,2047,202
718,806,537,581,523,350,2047,285
847,947,612,602,555,329,2047,369
889,1004,657,610,661,352,2047,383
886,1011,916,585,752,380,2047,415
901,1049,1120,535,948,459,2047,432
748,1042,1221,527,941,462,2047,389
681,992,1258,495,968,460,2047,353
719,965,1275,480,958,443,2047,380
675,942,1164,424,933,418,2047,345
618,841,981,341,675,301,2047,323
642,929,807,346,711,303,2047,323
560,861,692,380,637,298,2047,276
456,818,608,349,603,300,2047,232
405,654,519,497,509,425,2047,245
408,414,524,665,420,425,2047,260
454,403,633,822,482,470,2047,346
408,365,667,986,421,343,2047,357
396,319,675,997,408,323,2047,353
415,335,692,958,386,244,2047,320
400,298,684,950,359,206,2047,267
400,296,652,892,357,224,2047,248
389,289,590,818,357,240,2047,233
326,223,489,709,251,218,2047,211
176,178,347,678,215,225,2047,115
140,135,309,572,168,200,2047,95
138,125,288,560,150,179,2047,93
118,121,331,482,125,202,2047,76
105,112,327,446,126,212,2047,64
110,123,328,448,145,253,2047,63
329,640,402,343,505,391,2047,188
515,942,515,307,610,430,2047,327
574,1091,594,335,767,460,2047,348
726,1190,744,440,934,542,2047,416
782,1187,885,478,972,522,2047,420
819,1121,1244,571,1015,492,2047,459
851,1015,1379,562,983,463,2047,410
660,849,1090,405,767,356,2047,274
601,861,807,420,776,355,2047,339
526,779,720,494,593,267,2047,345
402,641,764,728,516,252,2047,305
399,558,764,958,494,328,2047,344
722,486,956,1327,598,526,2047,519
515,421,985,1111,450,358,2047,359
239,288,935,841,289,253,2047,229
210,274,769,706,228,249,2047,197
181,238,607,632,208,279,2047,194
137,216,559,589,241,241,2047,168
75,161,369,497,217,243,2047,105
69,160,323,511,219,220,2047,84
336,220,388,387,277,230,2047,195
624,525,620,362,356,254,2047,279
824,707,755,414,486,277,2047,389
909,985,875,567,701,337,2047,419
961,1057,966,717,779,366,2047,456
946,1091,1160,749,860,413,2047,438
901,1095,1273,811,910,464,2047,437
845,1133,1524,798,923,512,2047,426
807,1031,1535,805,792,475,2047,415
822,1045,1546,679,725,460,2047,396
828,1053,1449,627,638,433,2047,397
712,955,1270,539,540,364,2047,350
577,793,872,606,405,277,2047,297
519,635,745,486,359,266,2047,282
396,361,456,709,320,254,2047,314
450,325,537,861,323,320,2047,383
400,250,667,1103,292,315,2047,434
321,231,639,1049,261,315,2047,376
221,234,498,891,253,294,2047,262
177,224,477,872,240,285,2047,173
50,129,311,427,122,176,2047,58
77,137,291,357,134,195,2047,56
233,347,366,358,228,295,2047,96
335,425,415,439,261,298,2047,127
524,580,458,471,372,306,2047,232
806,1128,861,679,865,381,2047,396
769,1065,1004,619,897,418,2047,403
769,1074,1209,605,930,459,2047,403
755,952,1224,569,886,427,2047,424
608,900,720,403,711,288,2047,377
590,852,633,488,613,299,2047,347
506,757,699,660,563,323,2047,321
478,660,636,718,530,341,2047,293
237,254,810,998,294,320,2047,276
235,245,802,953,265,275,2047,224
234,257,812,1006,266,244,2047,230
183,265,753,986,240,216,2047,193
161,261,677,945,228,199,2047,179
167,237,568,877,236,179,2047,169
155,220,483,819,227,235,2047,154
122,194,469,719,206,224,2047,132
110,160,467,650,202,245,2047,105
107,152,446,548,193,257,2047,102
95,127,355,420,136,261,2047,100
73,105,372,413,127,202,2047,76
63,101,378,466,129,216,2047,74
61,100,344,475,132,216,2047,72
54,87,345,484,131,207,2047,69
50,92,338,550,147,202,2047,50
69,91,287,535,190,281,2047,63
78,98,288,489,189,288,2047,62
551,697,475,366,464,357,2047,310
679,826,481,346,546,401,2047,385
783,985,570,396,674,406,2047,414
817,1051,686,449,772,410,2047,443
887,1156,745,460,824,421,2047,468
780,1113,723,455,927,442,2047,402
766,1104,909,451,923,411,2047,378
733,1051,1038,418,918,388,2047,410
686,934,1234,353,905,356,2047,396
680,844,1241,337,760,292,2047,386
614,756,1108,310,768,276,2047,356
540,650,949,334,677,265,2047,290
500,603,722,506,606,240,2047,246
482,480,514,700,465,283,2047,291
485,464,637,894,478,331,2047,371
505,484,881,1084,463,359,2047,425
517,477,1041,1430,562,401,2047,458
507,447,1051,1441,586,402,2047,453
196,251,423,859,296,243,2047,160
185,243,422,937,273,237,2047,136
162,224,366,825,213,228,2047,96
94,174,315,691,171,244,2047,72
89,144,307,634,158,254,2047,67
84,132,319,581,141,189,2047,65
76,116,286,415,147,196,2047,68
83,109,251,373,171,247,2047,78
103,290,245,383,184,245,2047,92
146,463,259,406,222,250,2047,109
693,986,564,463,837,565,2047,726
769,948,625,503,882,552,2047,798
724,1012,528,544,971,580,2047,755
682,893,652,551,949,496,2047,751
717,916,841,638,961,474,2047,579
620,867,899,612,913,454,2047,496
581,801,941,540,884,437,2047,459
536,735,955,491,755,305,2047,385
480,670,851,451,663,289,2047,313
289,483,657,312,471,253,2047,271
343,285,756,1134,349,430,2047,340
271,279,702,1083,321,350,2047,284
259,269,638,1024,320,337,2047,284
219,268,629,923,300,281,2047,226
207,240,648,859,303,300,2047,202
169,186,550,792,283,282,2047,186
115,154,444,685,239,262,2047,122
76,125,356,708,241,265,2047,87
55,107,313,622,222,237,2047,80
61,113,287,575,194,216,2047,61
75,123,287,488,180,227,2047,60
821,1007,1062,696,1023,497,2047,509
846,1092,1270,732,1031,473,2047,473
857,1140,1281,669,907,407,2047,415
597,994,997,432,752,309,2047,254
518,748,643,342,561,300,2047,253
436,565,586,535,505,373,2047,277
443,555,747,794,469,382,2047,281
533,510,913,999,567,470,2047,390
498,376,863,1275,495,401,2047,357
359,269,674,1062,324,315,2047,233
266,206,555,932,286,304,2047,169
193,135,496,746,248,305,2047,145
110,112,475,641,225,307,2047,103
98,104,334,556,196,274,2047,52
68,84,258,479,194,246,2047,48
57,73,243,425,174,232,2047,52
60,71,266,434,168,216,2047,49
75,122,261,421,205,266,2047,55
187,190,285,390,232,271,2047,79
235,365,336,403,368,315,2047,92
553,686,563,352,503,370,2047,268
797,823,638,428,576,384,2047,425
875,965,696,446,690,427,2047,436
947,1042,777,466,703,416,2047,448
1049,1163,848,496,891,429,2047,486
918,1126,847,473,960,413,2047,378
845,1066,904,486,947,373,2047,374
764,981,941,467,948,358,2047,372
584,828,793,423,948,367,2047,327
505,816,868,408,808,304,2047,253
434,773,836,353,742,279,2047,228
405,680,721,375,659,338,2047,226
600,350,633,963,431,389,2047,711
674,407,785,1146,480,341,2047,793
659,368,924,1181,461,314,2047,870
644,302,897,1143,413,313,2047,849
625,295,859,1154,397,252,2047,782
463,285,868,1047,328,272,2047,648
343,193,751,834,232,260,2047,542
272,157,572,706,186,250,2047,369
252,162,500,666,194,277,2047,351
147,160,439,562,183,271,2047,247
77,135,230,373,203,232,2047,95
74,129,225,323,179,186,2047,83
75,116,210,315,179,197,2047,78
75,106,161,276,116,208,2047,63
257,369,295,243,131,236,2047,104
398,649,326,250,383,398,2047,172
615,931,517,390,608,486,2047,266
639,973,576,419,803,554,2047,291
661,996,636,494,931,575,2047,314
688,966,807,578,1051,561,2047,335
702,999,900,604,1076,547,2047,361
564,846,864,531,1017,462,2047,332
543,871,1190,517,974,433,2047,331
559,938,1264,445,915,401,2047,333
525,908,1225,367,788,381,2047,304
399,700,1147,357,636,462,2047,242
352,254,724,690,428,498,2047,335
482,258,880,889,447,476,2047,430
480,333,950,1125,657,484,2047,471
494,364,1002,1186,704,502,2047,479
275,215,484,929,293,306,2047,286
156,146,331,710,210,262,2047,161
106,115,306,554,193,283,2047,100
91,125,346,557,204,283,2047,80
169,254,324,495,260,320,2047,85
199,351,333,499,269,282,2047,98
357,488,314,296,301,316,2047,171
762,975,672,394,684,456,2047,473
714,1030,765,412,803,478,2047,459
688,1045,888,534,957,539,2047,420
740,956,890,508,947,531,2047,446
709,919,966,468,931,543,2047,429
752,857,1047,468,938,518,2047,447
696,729,1045,325,817,507,2047,439
507,610,933,289,722,454,2047,321
360,524,846,249,667,449,2047,237
366,484,752,445,637,458,2047,255
361,194,1000,1026,417,338,2047,257
343,186,1034,1060,404,270,2047,218
357,193,857,1075,333,195,2047,220
321,208,771,1001,288,196,2047,176
270,190,547,953,254,215,2047,176
263,184,457,876,198,201,2047,176
238,172,442,806,186,288,2047,165
176,148,353,682,179,289,2047,127
128,122,336,635,153,294,2047,109
99,114,316,562,140,286,2047,102
93,115,298,514,139,279,2047,80
86,118,289,480,128,186,2047,61
65,98,267,451,127,215,2047,53
82,99,231,399,173,232,2047,74
145,278,254,371,228,253,2047,88
308,498,408,298,449,356,2047,154
441,736,554,342,755,552,2047,343
499,806,617,424,849,612,2047,367
564,906,663,457,979,671,2047,406
672,1021,718,477,1071,676,2047,467
681,1067,717,590,1172,722,2047,489
725,1011,712,569,1118,659,2047,404
703,1069,785,531,1128,629,2047,413
523,865,1003,318,714,389,2047,286
502,731,930,304,577,388,2047,245
436,630,668,439,414,448,2047,220
379,546,575,600,438,482,2047,224
282,298,838,766,393,484,2047,203
412,284,992,917,301,454,2047,234
437,237,1012,1128,409,333,2047,269
438,228,764,1049,408,322,2047,269
213,184,416,956,354,340,2047,174
91,108,324,573,166,239,2047,70
86,114,323,488,152,236,2047,67
71,108,324,413,154,216,2047,59
71,112,290,339,145,211,2047,57
59,97,209,341,156,216,2047,54
119,139,219,313,171,218,2047,70
500,852,432,435,754,412,2047,242
719,1013,865,479,945,471,2047,368
613,900,950,457,873,381,2047,328
578,819,1012,436,731,317,2047,320
477,799,968,358,672,307,2047,284
460,604,924,478,478,276,2047,265
585,521,822,690,370,369,2047,420
475,303,697,913,464,373,2047,313
384,290,532,996,402,350,2047,234
304,258,508,893,370,219,2047,184
245,245,449,802,333,175,2047,150
206,227,385,761,226,176,2047,114
170,183,374,744,213,192,2047,92
146,138,272,510,208,193,2047,84
130,123,271,510,210,238,2047,80
106,142,287,462,163,231,2047,81
320,463,414,368,171,246,2047,153
454,635,538,312,272,257,2047,193
590,882,642,331,402,246,2047,220
729,955,688,410,546,309,2047,346
748,990,711,591,896,562,2047,431
702,946,675,713,1051,609,2047,439
551,798,857,875,1075,646,2047,412
560,864,1093,864,977,502,2047,363
582,796,1158,627,773,367,2047,292
542,730,1068,600,691,293,2047,250
506,553,825,619,670,276,2047,240
513,517,816,642,651,374,2047,270
435,355,841,806,446,335,2047,255
469,338,1023,877,404,338,2047,255
426,303,972,978,407,306,2047,200
371,281,912,978,350,334,2047,177
317,258,726,929,315,328,2047,135
195,176,388,841,304,337,2047,114
74,95,246,393,116,198,2047,52
74,97,276,431,113,203,2047,49
81,92,279,399,89,194,2047,48
77,89,256,355,173,199,2047,48
68,90,274,334,191,175,2047,48
115,128,262,342,235,197,2047,79
144,154,250,333,264,206,2047,86
278,365,280,357,420,315,2047,124
472,527,314,391,525,367,2047,206
784,792,544,444,768,487,2047,328
902,894,685,481,838,499,2047,430
864,954,814,485,872,521,2047,451
742,954,1030,530,827,485,2047,433
686,921,1217,515,842,465,2047,415
695,941,1407,528,794,428,2047,433
548,869,1407,542,766,428,2047,359
476,719,1345,531,684,375,2047,304
458,635,1166,543,561,350,2047,293
412,493,929,642,487,365,2047,315
382,328,753,799,481,335,2047,284
440,332,751,921,497,345,2047,317
458,316,898,1076,480,317,2047,332
449,363,936,1203,491,300,2047,333
401,340,920,1169,448,258,2047,281
320,299,809,1061,371,299,2047,249
231,266,702,969,324,294,2047,209
133,172,329,726,262,409,2047,138
128,169,324,711,217,363,2047,134
123,152,311,701,199,344,2047,115
127,151,326,743,209,363,2047,110
127,160,338,617,249,314,2047,106
131,181,338,475,302,278,2047,106
243,522,308,453,313,329,2047,157
386,818,456,442,477,384,2047,276
541,927,520,467,479,350,2047,389
646,1040,672,632,568,394,2047,423
710,1000,757,732,656,368,2047,524
785,995,812,766,784,390,2047,599
709,952,797,789,806,392,2047,543
745,888,687,736,853,384,2047,618
714,933,661,665,838,384,2047,545
574,810,906,570,625,290,2047,419
416,753,966,474,451,240,2047,295
502,315,1080,991,435,488,2047,358
606,312,1038,1078,445,490,2047,399
601,300,984,1112,453,473,2047,384
588,311,924,1147,418,343,2047,319
446,266,628,986,336,227,2047,290
253,212,609,895,305,213,2047,165
204,206,594,832,294,222,2047,158
182,178,554,611,195,195,2047,149
129,144,382,479,192,234,2047,93
109,147,334,456,201,279,2047,85
172,393,341,418,245,265,2047,127
261,641,326,383,246,276,2047,147
410,808,365,331,369,338,2047,222
515,937,556,436,454,353,2047,334
640,1006,743,462,528,379,2047,389
699,1017,819,533,608,399,2047,408
748,954,864,594,636,404,2047,418
726,843,949,730,686,410,2047,498
727,855,932,736,766,443,2047,501
678,878,896,741,801,455,2047,500
670,888,889,752,760,441,2047,512
660,972,865,713,761,437,2047,518
658,990,780,634,706,391,2047,434
549,702,570,831,462,441,2047,417
460,324,750,1254,496,430,2047,381
413,283,749,1259,493,379,2047,326
397,280,662,1113,438,369,2047,289
382,284,630,1059,373,310,2047,273
256,250,599,883,272,240,2047,184
109,145,396,548,193,263,2047,99
132,144,345,488,212,227,2047,100
251,382,317,369,225,235,2047,142
285,546,380,472,250,248,2047,162
435,729,463,525,267,219,2047,196
635,886,585,533,406,226,2047,251
739,1101,731,574,446,255,2047,315
796,1114,812,628,611,334,2047,325
865,1174,943,688,759,358,2047,364
784,1102,1318,762,850,425,2047,492
746,989,1453,774,881,422,2047,524
790,1088,1476,717,914,390,2047,537
760,1124,1428,608,832,368,2047,515
779,1123,1255,558,822,340,2047,463
733,1088,1105,499,726,340,2047,410
679,1019,850,591,663,417,2047,351
567,840,751,763,470,435,2047,350
523,608,842,824,484,539,2047,360
431,555,909,1042,624,577,2047,376
425,479,1095,1305,694,569,2047,373
431,426,1116,1304,696,520,2047,355
331,388,1009,1356,641,380,2047,319
317,289,906,1284,469,325,2047,281
255,218,626,1007,299,315,2047,227
189,166,506,805,221,323,2047,181
155,131,467,722,211,309,2047,128
100,117,412,552,229,317,2047,72
107,137,357,544,264,389,2047,84
96,137,335,594,270,372,2047,82
76,126,276,532,265,336,2047,70
149,167,278,522,300,366,2047,113
294,440,293,485,296,419,2047,132
327,577,296,453,352,343,2047,164
410,703,389,317,454,368,2047,241
549,839,557,467,518,377,2047,316
606,948,698,602,597,370,2047,353
649,1029,740,616,656,318,2047,391
709,1048,833,668,727,357,2047,437
740,1015,916,715,829,355,2047,454
721,989,1051,653,849,374,2047,431
723,1086,1245,563,847,367,2047,428
654,1115,1253,587,815,342,2047,399
612,1053,1207,555,738,333,2047,341
559,1011,1136,571,574,536,2047,338
530,940,946,643,518,566,2047,330
518,717,590,789,422,569,2047,320
525,370,665,1023,493,580,2047,322
567,351,676,1087,488,573,2047,379
606,348,698,1083,477,403,2047,404
551,350,763,1141,482,352,2047,387
487,317,737,1185,496,353,2047,370
463,301,652,1020,380,317,2047,368
353,258,641,1003,356,295,2047,308
206,257,617,1020,342,286,2047,186
180,225,551,936,292,289,2047,182
169,191,525,815,249,260,2047,152
148,174,465,761,239,262,2047,122
116,137,426,728,209,291,2047,104
85,117,349,713,194,238,2047,84
101,127,295,642,260,216,2047,81
127,169,286,524,273,209,2047,88
198,276,293,510,351,225,2047,114
415,570,450,445,465,285,2047,169
505,743,532,359,572,328,2047,222
667,908,590,417,614,357,2047,350
807,951,622,536,689,411,2047,438
937,1058,871,614,935,485,2047,647
925,1042,1123,595,915,479,2047,620
833,1089,1337,490,890,447,2047,583
682,951,1315,378,837,436,2047,557
593,809,1268,324,767,399,2047,388
572,722,1148,301,644,346,2047,365
439,538,878,472,663,351,2047,369
494,393,574,746,749,472,2047,477
548,397,744,848,663,483,2047,515
551,411,943,938,647,495,2047,557
655,451,988,1077,640,518,2047,568
573,371,973,967,415,401,2047,446
491,334,819,984,325,318,2047,373
436,280,591,976,309,291,2047,261
238,170,486,870,263,225,2047,218
180,160,513,803,258,231,2047,149
166,256,431,739,359,218,2047,146
175,313,455,707,382,258,2047,143
164,310,457,645,394,247,2047,139
263,491,502,657,548,452,2047,168
443,635,540,488,559,473,2047,226
856,1018,674,649,921,596,2047,640
871,1011,717,703,944,573,2047,809
849,1017,772,690,966,542,2047,774
785,934,766,720,856,446,2047,776
777,937,875,685,821,403,2047,745
750,1010,1067,583,752,337,2047,699
698,945,1133,517,714,338,2047,489
578,812,1159,594,581,288,2047,405
608,695,1164,646,535,273,2047,353
612,629,1199,800,505,301,2047,356
628,505,1084,1043,540,305,2047,391
642,480,989,1271,642,330,2047,384
465,298,687,1197,488,261,2047,275
431,270,535,1077,410,233,2047,248
334,199,440,963,270,211,2047,228
261,161,287,815,240,360,2047,173
230,143,279,704,169,345,2047,150
159,129,217,643,158,346,2047,136
134,109,200,607,169,359,2047,131
289,546,520,326,362,277,2047,151
734,847,734,376,591,399,2047,440
956,1099,825,420,631,472,2047,513
1098,1172,948,527,812,516,2047,823
1024,1257,1090,544,888,506,2047,784
885,1085,1277,513,911,472,2047,803
802,1012,1275,445,818,439,2047,718
703,906,1149,413,755,420,2047,511
652,789,1085,463,637,384,2047,495
540,522,987,663,549,361,2047,450
496,453,899,846,443,310,2047,386
536,427,1061,1028,483,317,2047,450
554,456,1224,1232,583,349,2047,474
536,439,1214,1266,605,382,2047,497
494,405,1160,1233,552,334,2047,468
411,380,999,1198,541,333,2047,416
330,357,766,1080,470,319,2047,327
222,231,422,856,306,266,2047,254
172,172,396,760,236,208,2047,162
130,142,363,702,225,197,2047,151
118,125,247,546,200,163,2047,131
101,111,209,497,196,171,2047,104
105,106,254,464,177,169,2047,79
133,119,304,486,180,189,2047,79
159,273,329,389,238,215,2047,80
223,444,385,412,281,226,2047,102
303,622,465,388,358,304,2047,135
511,849,612,412,515,356,2047,309
838,1032,700,431,685,428,2047,393
884,1032,813,523,858,509,2047,454
903,920,837,575,1051,552,2047,545
771,930,1176,569,1065,535,2047,697
731,904,1285,459,940,464,2047,667
576,796,1198,345,600,294,2047,549
474,668,1104,381,511,308,2047,414
338,340,728,706,370,460,2047,428
285,290,805,883,336,431,2047,343
227,235,964,1061,343,281,2047,267
288,238,908,1130,364,264,2047,260
252,207,813,988,334,228,2047,215
221,199,616,911,288,183,2047,147
218,193,493,921,300,170,2047,123
205,180,439,798,279,216,2047,108
95,131,316,646,206,225,2047,90
89,125,336,624,226,230,2047,86
84,104,352,579,232,224,2047,81
91,115,295,449,206,241,2047,129
96,113,323,541,210,196,2047,145
107,169,328,541,239,195,2047,153
193,351,303,529,290,222,2047,173
576,923,597,458,536,404,2047,328
581,974,665,483,554,407,2047,326
544,1064,727,494,613,419,2047,313
626,1093,796,479,647,425,2047,324
739,1119,813,504,717,383,2047,362
747,1088,893,505,782,375,2047,387
883,1131,1006,589,830,416,2047,515
872,1097,1040,599,847,409,2047,515
804,968,1272,605,840,407,2047,516
600,776,1347,708,602,361,2047,457
485,597,1296,837,516,355,2047,364
627,485,1011,1149,669,463,2047,394
513,362,898,1045,635,477,2047,358
435,305,821,1048,495,384,2047,329
186,197,420,906,385,342,2047,156
119,121,390,746,211,288,2047,101
116,111,339,661,175,260,2047,90
93,105,237,366,149,286,2047,72
115,169,254,336,235,288,2047,96
122,209,280,334,241,279,2047,97
120,223,280,321,241,278,2047,106
217,323,296,306,278,264,2047,113
611,865,904,423,456,312,2047,340
714,1002,949,433,688,403,2047,402
871,1116,1047,531,815,426,2047,587
882,1169,909,426,916,433,2047,585
832,1115,1091,408,844,385,2047,565
588,971,1291,348,705,333,2047,387
508,649,1256,796,602,353,2047,348
603,566,1149,982,664,427,2047,366
683,568,950,1081,680,440,2047,365
424,306,816,1111,450,309,2047,313
318,276,676,1049,367,257,2047,177
212,225,569,984,361,255,2047,163
189,198,484,899,341,218,2047,137
171,167,374,788,274,243,2047,142
132,144,292,570,200,288,2047,116
110,129,286,494,263,310,2047,102
116,186,330,466,297,315,2047,96
321,447,378,426,299,322,2047,168
470,677,457,347,395,398,2047,238
540,776,650,339,477,406,2047,291
931,924,826,509,747,509,2047,558
937,916,848,617,910,562,2047,603
932,987,859,620,978,541,2047,580
740,880,876,595,1008,538,2047,527
636,717,1056,486,840,398,2047,475
596,643,975,511,619,296,2047,427
515,393,1037,821,398,379,2047,393
354,229,745,1038,305,424,2047,297
260,169,396,874,238,346,2047,183
226,137,367,746,222,338,2047,113
204,120,364,775,221,313,2047,95
165,105,311,669,187,207,2047,81
111,89,200,603,184,203,2047,71
109,134,173,541,302,222,2047,72
149,211,175,475,304,271,2047,77
143,245,172,387,315,286,2047,76
155,286,268,390,317,275,2047,92
350,454,391,337,477,357,2047,222
548,633,459,381,482,421,2047,303
564,717,567,394,525,401,2047,335
745,846,750,444,889,612,2047,671
715,858,770,438,989,623,2047,685
678,868,805,506,1039,655,2047,714
609,726,1002,461,916,570,2047,631
526,722,979,466,825,461,2047,447
429,563,973,595,670,388,2047,377
