31,52,64,105,117,100,2025,155
36,63,87,282,234,105,2043,226
167,66,100,540,281,184,2046,338
217,83,131,651,333,197,2047,425
222,88,165,867,495,228,2046,451
227,88,176,970,578,249,2045,476
231,91,178,970,619,257,2046,507
177,101,186,907,629,270,2047,464
137,102,208,872,691,272,2047,412
142,113,199,701,655,249,2047,393
137,115,191,572,596,246,2046,358
132,116,196,549,532,240,2047,276
112,107,188,467,506,213,2047,246
79,96,153,404,405,218,2047,206
51,79,136,329,281,214,2047,177
45,77,132,302,243,220,2047,161
39,67,116,226,205,229,2047,123
40,67,118,208,184,202,2047,91
49,78,106,167,110,182,2047,74
74,81,101,148,97,184,2047,57
171,79,94,98,75,148,2047,53
187,83,89,82,65,121,2047,49
206,80,81,57,52,107,2047,48
215,69,78,59,52,100,2047,42
230,68,80,52,52,83,2047,39
232,70,77,55,68,98,2047,41
249,60,72,70,72,101,2047,81
238,58,61,77,97,111,2047,86
230,60,53,141,119,131,2047,112
241,69,48,205,148,140,2047,160
288,76,67,349,209,142,2047,309
293,80,76,449,278,206,2047,385
317,105,173,786,583,278,2047,423
325,114,200,958,711,315,2047,554
349,130,222,1053,843,352,2047,604
279,132,225,1061,894,383,2047,570
260,169,244,1056,932,373,2047,537
241,187,211,869,832,338,2047,519
236,193,202,714,754,310,2047,385
185,184,181,574,613,276,2047,302
181,180,176,493,520,228,2047,249
173,163,169,429,420,213,2047,207
150,132,160,363,296,221,2047,177
141,117,145,263,205,220,2047,142
103,118,159,192,154,232,2047,81
83,119,154,171,135,238,2047,70
66,102,130,128,100,222,2047,57
107,104,118,105,91,181,2047,48
142,100,119,82,87,163,2047,81
148,89,95,70,76,137,2047,84
163,89,97,63,79,130,2047,85
179,80,94,60,82,129,2047,86
169,63,78,57,80,141,2047,104
148,60,62,57,84,145,2047,81
146,61,61,65,81,129,2047,85
134,59,79,83,86,131,2047,85
130,51,86,88,98,148,2047,113
211,60,89,171,169,148,2047,228
353,71,110,322,276,179,2047,342
408,88,204,596,459,232,2047,416
455,105,281,797,698,294,2047,478
573,129,328,970,845,343,2047,615
649,151,349,1021,948,381,2047,636
598,162,373,1039,966,402,2047,598
565,159,353,921,910,397,2047,554
536,156,301,825,819,371,2047,528
453,156,305,702,719,358,2047,400
289,137,288,638,571,319,2047,304
259,122,253,555,499,276,2047,279
262,117,234,549,469,247,2047,268
250,108,220,437,321,213,2047,217
135,87,135,288,186,144,2047,197
122,81,114,219,150,134,2047,204
111,81,108,185,130,118,2047,198
81,75,75,142,125,102,2047,197
56,78,76,123,111,98,2047,193
67,72,66,69,72,82,2047,99
78,74,66,63,58,68,2047,77
87,75,96,61,60,102,2047,73
93,84,107,69,64,142,2047,86
94,76,115,80,68,161,2047,75
101,75,118,81,72,173,2047,74
116,71,120,81,73,179,2047,73
137,68,97,119,105,175,2047,98
148,62,85,130,129,151,2047,106
161,85,92,136,212,154,2047,170
331,92,110,318,265,192,2047,320
525,119,160,411,415,238,2047,379
580,159,198,579,607,323,2047,600
620,175,257,703,735,438,2047,796
627,179,273,840,812,480,2047,795
638,196,308,1001,891,500,2047,850
519,182,310,1065,903,492,2047,854
460,155,304,1005,857,459,2047,717
415,139,263,933,777,359,2047,500
459,124,246,821,716,304,2047,494
345,96,196,563,609,257,2047,309
300,98,187,377,506,236,2047,227
289,86,171,343,382,204,2047,217
267,78,162,313,328,192,2047,186
144,77,159,291,237,210,2047,165
116,73,150,254,201,187,2047,103
137,68,105,207,180,184,2047,90
154,82,102,128,150,176,2047,85
162,90,103,111,115,173,2047,75
202,89,93,91,98,159,2047,80
215,86,95,79,86,167,2047,82
210,87,103,62,95,171,2047,84
202,73,97,66,99,163,2047,78
203,62,92,80,111,160,2047,104
231,64,93,126,132,142,2047,145
269,66,87,146,145,132,2047,168
305,70,85,183,181,180,2047,304
382,96,174,570,592,292,2047,476
447,106,189,718,785,332,2047,556
569,125,247,876,955,425,2047,621
674,138,285,1026,1063,491,2047,708
677,170,311,1080,1131,484,2047,691
648,201,314,1030,1008,445,2047,608
617,202,325,951,891,436,2047,541
640,193,297,852,802,367,2047,512
530,185,274,787,726,281,2047,385
505,158,257,734,623,273,2047,336
497,98,208,626,590,257,2047,307
480,85,182,617,560,239,2047,290
230,92,166,555,409,286,2047,196
174,93,151,361,250,295,2047,173
156,84,126,293,201,290,2047,169
119,83,117,214,158,278,2047,161
141,80,107,146,141,271,2047,171
140,62,94,104,125,184,2047,132
133,50,78,68,132,153,2047,131
133,51,73,73,130,151,2047,110
136,53,56,95,153,147,2047,89
136,54,52,135,148,158,2047,60
179,59,58,152,152,148,2047,77
221,70,71,184,181,164,2047,108
234,78,87,225,208,161,2047,109
360,89,94,300,205,162,2047,201
425,101,108,339,243,168,2047,316
544,107,128,529,519,213,2047,370
655,126,196,736,738,277,2047,513
710,130,226,950,859,324,2047,677
763,126,248,1062,1018,352,2047,679
740,131,263,1087,1079,375,2047,664
679,150,296,1030,995,377,2047,646
587,157,281,950,915,357,2047,570
530,155,255,748,811,333,2047,434
374,155,245,677,664,317,2047,414
344,168,254,632,564,278,2047,377
281,155,223,620,542,245,2047,358
226,129,189,527,407,206,2047,306
183,127,186,499,381,194,2047,192
140,128,177,295,245,197,2047,150
125,93,143,254,184,203,2047,116
102,89,113,176,139,196,2047,120
122,90,108,157,113,193,2047,204
154,88,104,131,89,180,2047,215
158,79,85,103,82,150,2047,222
164,83,61,64,79,147,2047,225
190,78,56,62,78,153,2047,228
176,70,57,63,79,147,2047,152
151,67,58,63,83,148,2047,130
148,68,59,68,85,151,2047,124
148,61,61,104,87,147,2047,116
113,62,62,119,99,154,2047,98
105,73,68,133,157,151,2047,168
207,78,76,206,271,166,2047,240
230,88,113,340,434,195,2047,326
279,120,181,510,726,250,2047,406
392,129,205,623,870,271,2047,508
507,142,217,764,897,331,2047,568
538,168,267,924,967,369,2047,551
551,176,268,910,944,360,2047,510
534,172,253,884,799,357,2047,461
466,170,263,899,722,378,2047,393
343,157,258,826,764,343,2047,287
228,126,211,644,647,297,2047,271
168,111,196,619,605,294,2047,261
146,87,163,550,540,255,2047,289
110,72,109,409,434,186,2047,234
78,78,106,332,269,164,2047,203
76,83,101,303,252,175,2047,203
66,78,99,285,213,171,2047,199
55,75,96,241,180,164,2047,126
52,75,94,186,141,173,2047,113
47,62,76,135,108,166,2047,110
55,53,63,97,87,146,2047,116
55,49,52,74,82,135,2047,113
93,50,48,65,81,138,2047,114
117,57,53,72,87,126,2047,94
132,56,53,72,86,131,2047,96
131,61,63,73,87,135,2047,114
132,65,70,82,97,141,2047,121
112,68,78,124,109,150,2047,124
83,62,77,140,130,150,2047,152
57,67,83,225,249,143,2047,185
60,68,85,331,302,150,2047,260
140,77,116,535,413,194,2047,337
174,91,148,704,613,197,2047,389
228,118,183,860,663,241,2047,423
293,123,190,931,720,313,2047,471
309,138,197,948,748,336,2047,446
290,138,195,878,702,324,2047,393
276,137,207,827,653,336,2047,360
238,115,185,720,691,334,2047,337
167,110,177,650,619,281,2047,244
133,93,175,608,584,251,2047,213
121,94,163,580,585,231,2047,224
109,81,126,480,478,206,2047,187
100,84,125,390,348,159,2047,128
70,87,133,314,305,135,2047,125
66,85,126,265,255,135,2047,114
60,85,125,228,222,141,2047,87
66,86,108,175,152,147,2047,125
71,90,97,160,97,151,2047,128
71,90,83,130,84,155,2047,127
74,82,70,92,83,144,2047,128
69,70,55,84,81,131,2047,115
84,75,58,68,69,124,2047,86
146,70,59,66,76,114,2047,156
170,75,58,124,118,120,2047,240
204,77,70,218,170,132,2047,246
220,86,85,313,250,183,2047,349
312,88,105,514,285,219,2047,459
330,94,141,702,459,259,2047,587
350,100,196,905,670,306,2047,631
398,108,206,950,766,354,2047,742
485,128,227,1161,962,369,2047,710
451,127,236,1136,970,378,2047,709
441,138,232,1086,934,364,2047,603
418,145,243,1075,936,355,2047,540
367,162,253,1048,932,313,2047,422
257,154,237,842,794,287,2047,482
218,149,220,804,799,258,2047,380
174,136,205,739,770,249,2047,368
171,121,135,501,598,194,2047,349
143,91,93,458,468,178,2047,285
75,72,83,341,304,190,2047,112
64,79,80,273,227,190,2047,120
54,75,78,240,188,208,2047,111
57,68,77,215,149,240,2047,115
92,71,84,191,134,255,2047,123
120,75,73,162,98,229,2047,131
125,72,75,138,99,226,2047,121
139,73,71,136,99,206,2047,122
216,82,85,114,111,169,2047,111
262,81,82,85,107,144,2047,103
261,72,94,196,171,154,2047,96
268,69,92,213,197,145,2047,138
319,71,102,239,253,149,2047,199
370,73,116,405,349,197,2047,278
399,71,137,475,435,228,2047,402
501,90,220,793,745,310,2047,431
534,156,344,973,1069,439,2047,531
579,164,345,1054,1116,449,2047,534
639,186,385,1134,1177,471,2047,510
636,218,411,1237,1247,503,2047,461
589,225,387,1100,1146,484,2047,449
584,190,284,997,917,375,2047,361
521,187,287,947,878,388,2047,338
379,165,233,821,770,358,2047,323
332,118,171,705,651,309,2047,280
355,95,132,640,533,266,2047,268
318,86,127,550,420,263,2047,200
308,85,120,483,368,235,2047,177
296,78,96,431,359,203,2047,171
279,79,94,256,257,179,2047,137
152,85,98,191,262,163,2047,146
123,89,97,182,273,151,2047,216
176,89,94,157,252,146,2047,225
220,120,112,114,232,155,2047,244
219,118,113,70,225,167,2047,246
219,112,109,95,209,169,2047,225
351,110,111,95,152,187,2047,151
344,107,108,151,135,187,2047,142
346,73,86,177,137,192,2047,123
352,84,79,196,128,185,2047,147
371,92,76,211,147,209,2047,170
399,102,86,375,318,213,2047,280
573,119,119,532,464,266,2047,340
692,165,207,868,715,291,2047,527
814,212,304,1109,1010,390,2047,598
867,228,329,1183,1087,426,2047,671
877,269,389,1298,1235,484,2047,685
783,274,402,1303,1230,469,2047,660
704,257,374,1154,1138,479,2047,556
577,224,318,999,959,434,2047,574
512,212,298,934,927,407,2047,502
395,155,214,790,727,348,2047,434
362,137,175,706,659,324,2047,437
295,124,158,634,596,290,2047,403
255,115,131,515,480,268,2047,247
183,102,135,487,370,252,2047,222
165,100,142,334,218,269,2047,233
153,87,137,267,196,288,2047,263
112,81,126,234,181,284,2047,251
133,76,118,207,155,281,2047,392
146,81,107,131,129,292,2047,404
184,68,90,101,129,247,2047,450
236,78,83,117,144,224,2047,446
246,79,89,160,162,233,2047,449
232,74,97,264,275,214,2047,330
275,62,89,279,281,211,2047,320
365,70,87,288,300,204,2047,274
366,91,109,409,368,254,2047,312
427,111,145,522,485,302,2047,392
601,148,233,694,597,395,2047,445
615,173,277,872,736,397,2047,473
645,180,283,955,784,409,2047,507
677,207,347,1001,883,456,2047,534
657,196,335,988,845,448,2047,494
543,171,279,862,764,370,2047,457
525,147,236,700,635,363,2047,413
449,137,240,645,567,362,2047,345
424,65,120,513,384,264,2047,256
398,70,116,450,341,214,2047,223
344,75,127,439,279,221,2047,209
311,81,130,416,261,226,2047,231
252,77,109,303,258,222,2047,231
144,72,103,252,160,215,2047,195
139,69,121,190,136,218,2047,206
129,65,103,171,117,223,2047,247
112,54,97,127,90,220,2047,239
106,57,94,123,73,213,2047,266
114,59,93,123,70,217,2047,276
86,55,60,110,66,206,2047,274
87,48,61,126,111,188,2047,223
103,47,57,214,185,154,2047,205
107,52,66,241,196,185,2047,266
180,52,73,279,204,181,2047,285
271,61,97,589,331,192,2047,350
349,89,121,729,404,218,2047,450
498,99,127,728,503,262,2047,517
595,138,190,814,710,344,2047,565
612,148,214,887,868,367,2047,596
639,155,214,801,876,396,2047,582
625,152,229,792,915,398,2047,538
521,155,239,834,921,412,2047,502
419,121,196,779,814,339,2047,400
397,116,173,778,687,327,2047,372
293,107,180,728,683,295,2047,347
259,98,154,648,607,271,2047,303
254,87,132,578,503,202,2047,273
239,86,128,543,437,196,2047,290
181,87,124,432,366,192,2047,241
176,83,100,379,252,260,2047,256
131,81,91,279,187,299,2047,281
119,78,88,270,174,310,2047,404
117,86,83,250,164,311,2047,442
114,80,88,178,150,315,2047,448
109,80,85,164,141,256,2047,435
121,74,73,150,131,196,2047,432
160,74,82,205,152,181,2047,359
157,61,80,193,146,167,2047,313
153,55,73,209,157,138,2047,305
154,53,74,234,159,128,2047,333
160,56,80,265,167,147,2047,335
182,54,72,305,248,159,2047,366
246,62,111,469,427,170,2047,391
297,99,212,748,773,272,2047,473
337,146,328,992,987,417,2047,537
398,187,383,1180,1070,470,2047,574
422,199,407,1236,1134,494,2047,534
395,206,412,1207,1118,508,2047,515
373,193,375,1101,929,499,2047,439
358,161,281,907,702,384,2047,326
291,115,211,704,623,319,2047,251
219,101,182,702,510,277,2047,251
207,88,164,678,425,241,2047,214
182,82,152,601,386,144,2047,205
137,78,146,565,374,152,2047,192
107,69,127,479,262,136,2047,155
79,56,96,228,126,144,2047,138
72,50,74,165,91,153,2047,171
71,55,73,158,85,172,2047,199
80,59,78,155,77,175,2047,210
81,58,71,138,104,179,2047,213
75,58,69,129,114,165,2047,199
73,69,89,227,240,159,2047,183
116,65,86,276,313,149,2047,187
197,66,84,283,340,144,2047,185
208,68,84,293,347,127,2047,206
211,65,84,313,360,141,2047,201
286,59,64,316,332,174,2047,309
390,74,118,540,360,198,2047,383
520,98,188,849,553,250,2047,467
729,102,269,1034,716,337,2047,597
784,124,337,1140,881,390,2047,740
779,144,357,1175,1004,388,2047,751
737,151,357,1199,1032,385,2047,733
641,146,348,1145,1012,400,2047,729
404,149,313,1064,998,387,2047,625
329,139,250,985,886,339,2047,471
288,119,225,988,775,337,2047,394
270,120,219,903,724,331,2047,357
251,108,181,748,702,274,2047,247
211,101,145,632,565,187,2047,247
133,97,138,576,516,170,2047,208
125,96,136,498,467,168,2047,340
178,90,109,407,432,189,2047,493
183,89,106,339,263,224,2047,525
188,91,105,313,236,259,2047,543
188,86,88,292,214,258,2047,543
183,78,73,218,148,242,2047,465
123,54,66,113,113,219,2047,290
124,54,70,118,122,178,2047,227
124,49,66,220,235,122,2047,157
118,50,66,228,266,130,2047,142
118,53,75,243,293,132,2047,227
127,55,79,252,310,126,2047,221
208,52,96,326,365,152,2047,335
257,86,169,555,591,245,2047,376
325,124,244,824,762,327,2047,473
379,175,346,1108,1060,457,2047,509
418,213,440,1326,1286,550,2047,565
423,231,465,1415,1370,593,2047,527
414,223,454,1423,1359,592,2047,534
373,217,446,1354,1339,593,2047,470
389,182,372,1161,1123,514,2047,411
362,144,277,947,900,441,2047,347
318,130,250,844,822,387,2047,313
295,135,244,711,688,342,2047,258
284,113,188,582,558,264,2047,220
175,109,185,525,545,234,2047,177
124,99,154,450,467,184,2047,144
98,87,110,312,320,159,2047,193
83,71,91,226,276,157,2047,220
87,79,98,187,221,160,2047,280
83,81,99,173,189,173,2047,318
85,79,91,140,157,174,2047,324
80,68,89,128,101,167,2047,299
80,67,73,102,94,168,2047,292
106,60,66,127,119,158,2047,340
106,58,74,134,190,151,2047,321
146,55,70,157,204,153,2047,318
184,66,86,172,211,153,2047,328
266,71,107,210,275,147,2047,369
316,92,183,585,574,196,2047,339
435,113,246,804,891,341,2047,424
517,178,339,989,1026,394,2047,536
528,192,369,1137,1149,430,2047,662
589,223,431,1300,1309,522,2047,695
610,227,441,1311,1303,554,2047,693
554,238,434,1269,1183,499,2047,686
491,204,383,1243,1134,477,2047,620
526,189,357,1169,1073,465,2047,486
435,151,282,1018,885,365,2047,436
372,134,227,885,756,299,2047,422
345,95,177,795,627,257,2047,410
317,79,145,610,501,224,2047,404
208,85,139,494,350,181,2047,413
175,88,149,412,275,263,2047,415
155,86,149,317,219,315,2047,525
195,90,159,243,216,335,2047,667
192,82,152,216,192,340,2047,663
184,71,145,191,179,349,2047,650
172,57,108,164,155,301,2047,621
160,56,90,133,131,237,2047,512
106,45,55,82,96,205,2047,198
168,50,54,92,109,182,2047,169
176,51,54,100,109,165,2047,152
176,54,68,139,106,135,2047,135
176,52,73,161,109,123,2047,125
162,57,76,167,115,127,2047,125
106,59,78,174,139,140,2047,123
235,75,110,550,439,154,2047,184
350,89,133,668,542,193,2047,285
461,135,203,877,759,266,2047,454
482,148,250,1041,966,284,2047,508
540,173,312,1186,1034,305,2047,595
540,176,330,1131,1039,335,2047,603
524,181,372,1197,1137,389,2047,646
496,154,345,1137,1029,363,2047,563
483,143,316,1021,871,354,2047,525
417,133,275,868,792,338,2047,428
361,124,251,795,676,298,2047,399
294,112,170,580,380,196,2047,248
201,110,159,394,315,200,2047,192
195,109,156,301,207,218,2047,162
186,83,115,243,174,210,2047,127
178,75,92,209,121,215,2047,109
171,66,78,182,113,206,2047,145
167,60,74,160,86,170,2047,205
164,60,65,159,82,135,2047,215
181,54,71,139,74,125,2047,237
186,69,75,102,100,117,2047,245
179,70,79,94,98,113,2047,223
198,72,80,98,130,104,2047,165
221,71,83,99,137,135,2047,151
207,73,97,153,143,143,2047,119
204,61,108,207,176,163,2047,115
279,74,137,333,353,190,2047,205
475,104,140,438,413,205,2047,303
555,125,201,578,524,247,2047,331
650,168,286,726,797,339,2047,371
733,207,359,1011,936,380,2047,452
769,219,410,1194,1047,409,2047,544
717,221,446,1238,1149,463,2047,551
691,235,494,1225,1216,528,2047,566
622,214,501,1281,1133,496,2047,548
574,188,461,1104,1039,460,2047,491
621,174,410,889,901,428,2047,375
588,156,371,799,738,366,2047,324
542,117,273,735,537,231,2047,277
526,100,151,447,350,178,2047,264
472,78,110,334,266,177,2047,247
281,65,94,279,174,218,2047,205
169,60,87,205,145,216,2047,176
155,63,82,175,118,207,2047,224
139,63,78,180,119,235,2047,331
135,62,76,168,137,255,2047,391
117,60,75,136,129,253,2047,410
113,57,71,128,124,260,2047,401
185,48,57,130,138,255,2047,379
196,45,53,146,152,246,2047,298
190,44,62,225,204,234,2047,284
194,52,78,263,224,189,2047,267
277,56,90,283,299,182,2047,282
320,64,104,405,378,223,2047,316
416,77,135,527,557,214,2047,407
496,88,180,736,714,269,2047,458
513,89,193,980,817,284,2047,468
479,107,219,1048,857,294,2047,475
593,109,225,1104,981,279,2047,483
551,116,270,1144,999,373,2047,552
495,111,271,1161,998,345,2047,510
487,122,297,1038,970,361,2047,514
500,108,292,988,931,367,2047,530
482,127,302,1043,861,374,2047,528
471,116,254,987,745,279,2047,401
462,116,233,863,618,270,2047,356
452,103,189,774,556,234,2047,329
432,105,193,756,541,202,2047,270
193,82,167,509,375,182,2047,228
137,82,169,414,352,185,2047,200
103,76,164,269,280,252,2047,227
93,72,156,246,197,277,2047,235
82,64,115,204,154,277,2047,234
64,52,106,189,127,257,2047,207
69,45,86,147,104,245,2047,188
66,48,61,122,74,160,2047,156
63,50,58,81,58,103,2047,142
61,48,64,68,52,105,2047,147
69,50,96,89,84,102,2047,149
94,62,112,138,182,109,2047,137
140,67,116,243,271,101,2047,165
232,83,135,365,350,136,2047,228
408,97,190,649,539,175,2047,346
534,131,244,798,790,229,2047,488
641,139,295,982,975,338,2047,640
720,149,350,1097,1103,411,2047,697
726,150,359,1166,1174,442,2047,757
653,166,365,1089,1139,451,2047,733
562,153,345,1040,1002,430,2047,649
468,156,308,1002,867,360,2047,520
372,146,244,897,700,288,2047,573
338,145,243,862,632,242,2047,489
337,144,232,832,591,205,2047,463
345,134,199,783,582,214,2047,463
305,123,193,626,509,203,2047,442
246,119,193,574,485,197,2047,228
221,110,166,406,354,171,2047,172
198,73,104,326,302,157,2047,145
160,65,111,299,237,140,2047,252
137,58,94,243,191,162,2047,267
125,64,92,205,119,143,2047,277
103,70,91,196,69,157,2047,298
121,69,91,191,56,164,2047,347
193,74,81,146,58,172,2047,439
227,81,75,112,65,140,2047,468
229,77,72,108,72,140,2047,472
227,68,59,92,68,122,2047,458
221,66,56,85,82,113,2047,441
161,59,58,191,139,100,2047,279
111,50,74,292,264,112,2047,230
207,54,72,323,307,108,2047,272
229,79,110,552,420,145,2047,306
381,101,208,803,694,192,2047,325
465,134,303,969,888,314,2047,497
525,155,328,1030,992,382,2047,566
496,163,338,1105,1031,419,2047,630
516,161,376,1189,1217,523,2047,794
422,188,394,1132,1119,535,2047,791
336,180,355,1139,1059,506,2047,715
261,173,350,1142,1028,492,2047,683
272,168,347,1093,991,472,2047,627
217,168,313,948,746,359,2047,393
206,135,265,837,701,327,2047,368
201,128,229,642,555,273,2047,322
162,115,203,495,363,202,2047,260
127,106,195,428,323,176,2047,189
117,96,165,307,181,160,2047,143
119,84,107,300,154,173,2047,208
97,68,102,211,127,196,2047,226
97,74,86,184,96,217,2047,220
96,79,83,168,93,217,2047,218
104,86,80,143,101,247,2047,236
85,78,74,116,98,235,2047,170
84,75,64,102,97,216,2047,152
77,64,57,81,104,198,2047,152
75,57,55,183,132,196,2047,263
58,45,53,193,132,135,2047,257
63,55,69,304,256,130,2047,272
86,54,79,446,320,135,2047,323
95,76,91,511,338,154,2047,344
264,92,108,559,407,200,2047,351
363,101,155,716,632,240,2047,411
485,132,305,935,820,384,2047,589
499,148,336,978,987,456,2047,661
528,159,348,1024,1018,460,2047,666
489,186,387,1092,1115,513,2047,656
426,196,377,1118,1065,510,2047,631
378,193,294,1126,1017,439,2047,492
410,187,274,1111,892,364,2047,392
381,180,263,1077,866,357,2047,375
366,146,206,975,718,268,2047,320
366,124,198,844,646,247,2047,291
292,98,161,539,457,210,2047,242
214,94,146,375,338,216,2047,155
199,91,154,294,307,259,2047,201
187,87,137,267,254,257,2047,226
186,88,132,227,187,260,2047,278
148,89,143,194,154,262,2047,329
139,102,134,192,141,267,2047,340
140,92,112,120,103,212,2047,320
121,93,109,104,93,181,2047,300
161,95,109,98,83,162,2047,275
171,90,81,106,89,134,2047,251
193,68,77,161,153,106,2047,261
198,64,79,178,199,117,2047,251
217,65,81,278,234,194,2047,271
325,69,135,371,281,226,2047,441
463,120,233,590,587,295,2047,558
586,143,295,688,768,403,2047,593
654,178,367,972,937,464,2047,612
714,180,387,1054,984,492,2047,635
701,209,401,1103,1054,495,2047,551
630,212,373,1084,969,481,2047,418
565,197,326,1078,880,414,2047,375
502,166,241,872,778,350,2047,347
442,173,231,792,762,298,2047,342
390,143,186,703,701,294,2047,306
394,113,176,653,686,263,2047,346
325,114,178,553,632,236,2047,327
298,111,182,557,522,224,2047,321
235,97,155,489,446,194,2047,282
215,86,144,466,356,259,2047,283
192,70,104,341,231,267,2047,289
166,68,99,328,175,266,2047,285
165,84,94,168,151,285,2047,377
168,92,96,162,129,288,2047,371
178,102,94,133,100,205,2047,404
144,99,90,125,76,172,2047,387
147,100,87,117,71,170,2047,403
135,89,78,105,67,143,2047,308
141,84,65,76,75,125,2047,306
177,67,59,96,88,123,2047,246
185,61,58,252,214,147,2047,226
251,61,68,275,366,173,2047,274
330,79,115,520,456,208,2047,365
373,99,164,632,576,252,2047,452
420,111,207,852,789,313,2047,488
472,131,226,903,864,361,2047,555
467,145,243,984,850,428,2047,551
522,160,259,1032,921,430,2047,559
552,158,240,1104,884,429,2047,502
598,169,236,1010,742,399,2047,489
579,164,236,961,671,361,2047,406
578,156,226,924,641,266,2047,420
508,135,192,840,527,248,2047,359
475,125,191,729,523,222,2047,366
345,98,154,664,483,200,2047,349
323,85,129,690,439,182,2047,367
302,78,124,666,413,181,2047,324
297,71,116,554,326,159,2047,306
237,93,105,447,225,134,2047,291
237,100,102,402,179,154,2047,293
205,98,104,300,111,154,2047,285
177,95,88,159,106,199,2047,265
115,97,86,138,103,220,2047,264
137,75,79,128,108,224,2047,303
140,72,81,124,105,223,2047,344
137,72,81,96,100,241,2047,327
131,75,78,95,95,226,2047,328
124,73,76,104,109,213,2047,315
169,75,86,155,137,208,2047,346
184,80,83,197,171,201,2047,292
183,81,83,233,179,176,2047,283
189,80,95,319,241,175,2047,299
340,92,111,426,385,213,2047,360
416,114,149,693,443,241,2047,335
473,143,241,847,600,332,2047,486
576,183,352,1035,787,404,2047,521
612,193,359,1168,856,410,2047,565
633,189,367,1234,889,398,2047,637
622,187,365,1176,934,399,2047,702
592,168,326,1102,865,348,2047,616
528,130,205,982,743,275,2047,613
510,119,192,822,657,266,2047,584
447,117,176,708,568,270,2047,529
390,98,154,623,444,243,2047,408
382,91,128,584,409,227,2047,397
350,81,129,549,331,212,2047,351
322,77,129,516,309,190,2047,317
242,75,121,460,245,171,2047,194
214,73,122,397,224,191,2047,206
173,64,134,362,168,182,2047,232
127,60,122,220,143,244,2047,234
101,57,119,181,116,254,2047,223
93,59,117,154,89,292,2047,233
91,60,108,138,77,314,2047,195
83,61,85,108,81,360,2047,142
88,64,87,96,94,359,2047,137
82,60,95,109,95,362,2047,142
108,64,99,121,142,336,2047,141
145,70,102,188,180,313,2047,174
151,70,102,345,263,272,2047,191
177,80,111,418,290,227,2047,264
254,86,130,676,398,252,2047,398
290,88,159,792,532,284,2047,504
337,94,192,986,823,318,2047,513
333,124,257,1038,961,344,2047,572
329,119,274,1071,1067,364,2047,556
343,122,283,1000,1063,358,2047,515
378,133,275,1017,1038,329,2047,430
354,130,252,895,849,290,2047,421
361,103,188,799,712,256,2047,355
357,101,155,758,585,242,2047,365
302,97,116,684,552,225,2047,324
267,82,99,567,486,219,2047,304
227,76,98,451,478,258,2047,288
220,71,90,428,413,243,2047,251
210,66,86,375,340,215,2047,200
194,62,73,352,316,218,2047,150
92,55,76,254,295,261,2047,152
83,50,84,237,215,239,2047,172
87,59,89,223,181,289,2047,195
99,63,88,178,145,310,2047,201
101,63,92,133,108,340,2047,207
116,65,85,125,106,413,2047,282
115,65,72,98,106,442,2047,280
109,59,63,84,117,420,2047,268
95,55,63,82,130,413,2047,267
101,55,57,129,152,376,2047,274
113,44,51,176,194,263,2047,247
182,48,75,247,209,217,2047,328
263,63,108,396,268,205,2047,410
299,91,161,648,330,212,2047,467
411,99,188,859,606,345,2047,542
463,115,207,892,736,440,2047,667
556,133,232,1034,858,511,2047,657
543,134,256,1061,954,537,2047,640
548,142,266,1085,1062,561,2047,625
480,146,256,957,979,499,2047,566
517,143,249,957,895,422,2047,381
448,129,225,819,783,320,2047,327
428,130,202,786,685,280,2047,281
409,113,183,598,530,218,2047,236
399,105,177,558,438,227,2047,211
270,95,173,502,404,238,2047,271
165,95,176,448,402,243,2047,311
150,82,159,324,326,256,2047,323
116,76,124,235,194,267,2047,337
106,87,129,192,173,250,2047,358
100,85,128,164,158,241,2047,302
77,77,113,152,116,231,2047,255
76,76,103,144,91,193,2047,215
78,65,93,133,89,158,2047,162
110,54,88,126,87,194,2047,91
178,68,84,106,77,186,2047,110
191,70,83,101,104,197,2047,115
205,74,86,144,148,192,2047,101
213,74,86,186,195,202,2047,108
278,72,74,269,310,168,2047,162
432,68,77,346,355,178,2047,310
542,95,113,535,466,202,2047,476
648,110,199,780,678,289,2047,558
697,114,226,907,850,333,2047,658
706,134,256,1022,954,373,2047,704
713,148,279,1091,982,369,2047,691
668,156,288,1072,987,414,2047,620
567,154,255,986,916,382,2047,587
510,173,253,889,796,366,2047,487
467,160,228,745,651,344,2047,409
288,143,197,610,590,356,2047,337
184,121,171,515,504,284,2047,280
182,109,156,415,398,252,2047,206
165,74,117,363,296,210,2047,164
131,66,104,329,224,164,2047,145
123,67,102,314,202,130,2047,134
120,57,88,287,175,124,2047,143
88,53,67,136,79,126,2047,163
103,48,71,122,86,145,2047,251
101,50,74,109,84,193,2047,276
98,49,72,101,102,193,2047,278
97,54,71,75,92,197,2047,269
96,53,62,73,98,196,2047,242
79,49,53,69,91,189,2047,172
198,55,46,75,112,143,2047,147
205,58,50,147,156,141,2047,143
208,55,55,198,197,147,2047,180
281,58,67,355,277,150,2047,229
415,83,148,564,532,225,2047,430
532,182,390,919,842,337,2047,682
572,222,468,1051,1016,377,2047,798
647,263,580,1319,1252,491,2047,879
702,267,593,1387,1287,508,2047,912
651,267,594,1391,1272,493,2047,889
573,229,488,1300,1134,446,2047,716
567,197,425,1196,1009,425,2047,598
489,143,274,900,719,300,2047,515
373,142,255,821,665,274,2047,431
361,138,225,767,567,248,2047,312
294,108,190,566,482,220,2047,304
216,96,160,557,404,193,2047,286
196,88,124,539,341,169,2047,191
172,81,105,393,252,182,2047,189
109,70,91,206,138,181,2047,195
101,75,96,203,104,185,2047,189
104,77,113,221,91,208,2047,199
110,80,111,203,86,209,2047,213
109,72,104,207,80,187,2047,217
103,74,98,193,78,190,2047,185
167,69,90,165,70,166,2047,214
171,65,68,237,238,133,2047,197
242,64,78,271,273,140,2047,192
246,70,97,268,277,152,2047,187
262,62,96,274,280,141,2047,187
257,56,99,304,306,150,2047,160
302,61,119,441,387,179,2047,215
424,78,144,573,556,185,2047,367
461,100,185,753,675,220,2047,563
484,118,203,775,739,250,2047,651
601,158,219,853,793,263,2047,703
634,166,229,816,738,253,2047,695
551,177,232,830,641,250,2047,624
538,189,214,732,621,233,2047,506
559,190,207,733,582,219,2047,399
420,158,194,660,512,201,2047,302
336,152,177,604,504,184,2047,289
302,133,159,451,460,162,2047,280
265,93,126,347,303,128,2047,175
138,69,114,289,225,142,2047,143
103,69,105,193,170,158,2047,116
68,59,91,158,112,210,2047,96
56,48,62,106,106,229,2047,76
51,51,61,100,90,229,2047,74
71,46,50,96,79,213,2047,207
74,56,76,104,93,235,2047,216
74,54,75,102,98,212,2047,227
79,60,83,93,95,196,2047,228
173,61,85,93,102,197,2047,232
193,68,91,194,185,189,2047,183
196,72,105,269,358,161,2047,219
212,78,117,382,436,147,2047,247
270,75,115,535,456,162,2047,273
273,94,179,727,499,201,2047,339
397,106,221,841,613,269,2047,337
440,120,234,969,586,289,2047,392
527,130,247,998,549,288,2047,391
593,138,250,952,544,287,2047,389
616,135,219,864,520,267,2047,406
543,125,179,790,380,211,2047,410
526,110,160,651,312,191,2047,347
549,106,156,626,314,194,2047,389
522,101,158,653,375,204,2047,410
482,89,156,640,429,204,2047,417
482,88,149,611,415,191,2047,408
463,86,134,586,409,163,2047,413
320,81,107,499,385,148,2047,352
186,71,94,406,308,112,2047,307
154,76,87,319,187,89,2047,180
123,70,85,225,145,78,2047,143
118,73,95,137,89,74,2047,79
110,66,91,122,79,67,2047,67
84,66,94,114,76,70,2047,64
69,60,79,101,66,67,2047,47
68,74,80,97,63,66,2047,91
92,79,98,85,69,71,2047,208
96,75,98,78,66,68,2047,236
109,76,98,82,55,66,2047,253
112,75,101,82,57,101,2047,257
115,67,105,85,63,108,2047,252
185,54,74,81,56,108,2047,187
210,54,88,96,88,128,2047,153
212,51,96,245,274,127,2047,128
343,74,106,329,345,130,2047,209
430,86,136,450,417,184,2047,248
553,100,148,738,653,231,2047,445
559,104,146,877,930,273,2047,522
632,114,196,1064,1018,357,2047,586
740,119,228,1135,1080,379,2047,754
774,121,264,1298,1180,427,2047,796
704,114,271,1327,1113,414,2047,726
697,130,285,1250,902,387,2047,686
632,145,279,1147,826,337,2047,658
437,134,251,1069,721,304,2047,448
273,126,197,840,517,191,2047,351
179,123,180,550,420,175,2047,298
158,105,165,531,400,192,2047,274
150,70,108,343,244,190,2047,233
104,72,101,309,232,293,2047,272
93,71,103,215,176,334,2047,272
93,74,102,169,170,356,2047,303
96,69,75,148,223,386,2047,313
84,67,73,134,219,414,2047,294
121,62,71,111,205,363,2047,215
165,60,58,122,238,329,2047,229
330,64,45,153,246,302,2047,193
349,61,49,181,217,248,2047,176
361,65,53,191,217,156,2047,169
347,62,60,206,218,124,2047,171
335,59,61,183,177,122,2047,118
200,55,64,195,147,127,2047,213
215,62,72,213,150,132,2047,224
389,83,137,465,392,187,2047,379
536,109,203,631,502,222,2047,468
701,168,328,855,726,318,2047,726
722,199,377,1008,982,384,2047,737
740,208,395,1090,1037,433,2047,752
679,214,400,1051,999,425,2047,694
574,224,404,1107,1043,481,2047,668
367,185,312,972,911,437,2047,396
396,154,251,812,636,390,2047,331
345,147,232,701,554,334,2047,292
309,130,201,648,512,321,2047,281
303,84,126,349,280,222,2047,231
281,84,123,279,258,306,2047,215
133,79,134,286,242,326,2047,225
92,64,118,250,193,331,2047,221
85,60,105,221,153,394,2047,226
78,67,116,209,134,388,2047,199
90,68,120,196,100,308,2047,230
84,61,105,148,78,292,2047,212
135,61,93,138,79,285,2047,202
199,58,89,118,72,191,2047,202
224,52,64,81,78,180,2047,192
225,46,61,64,109,179,2047,145
234,55,80,78,102,145,2047,137
215,54,84,113,107,145,2047,131
167,53,85,137,121,124,2047,118
185,54,91,213,192,138,2047,132
203,83,139,333,305,150,2047,174
427,101,180,528,505,197,2047,283
616,138,261,793,700,251,2047,335
679,158,322,988,838,285,2047,480
736,171,369,1048,937,367,2047,564
773,163,363,1109,949,379,2047,631
765,159,370,1114,965,388,2047,627
702,160,356,1075,910,410,2047,608
650,151,309,936,814,398,2047,513
587,143,259,895,702,325,2047,433
614,146,251,851,667,307,2047,305
574,144,216,788,550,269,2047,231
479,112,151,656,455,209,2047,220
476,100,155,616,409,221,2047,190
457,91,151,569,391,238,2047,199
339,79,138,459,351,330,2047,232
181,65,126,365,275,351,2047,234
174,57,121,235,198,356,2047,407
145,54,113,184,169,350,2047,431
146,55,97,128,121,343,2047,416
134,62,105,134,100,269,2047,394
125,60,104,139,85,252,2047,392
188,60,100,139,82,221,2047,215
190,65,91,135,83,207,2047,160
184,61,90,138,71,194,2047,139
182,56,79,102,69,167,2047,132
180,54,76,81,60,143,2047,113
90,50,75,75,58,123,2047,77
209,45,55,95,61,110,2047,86
304,48,52,213,203,125,2047,211
367,62,81,397,314,127,2047,242
442,109,162,544,486,217,2047,498
505,126,187,680,640,239,2047,581
556,150,220,693,661,258,2047,610
548,192,290,845,751,351,2047,742
529,193,293,839,759,381,2047,783
486,176,280,821,789,362,2047,663
442,170,273,772,716,364,2047,598
348,151,251,773,739,361,2047,590
295,96,169,587,638,266,2047,370
267,86,152,539,590,218,2047,249
248,80,108,440,413,177,2047,223
207,67,89,333,333,180,2047,207
167,70,98,311,226,195,2047,123
151,71,99,280,162,226,2047,109
131,79,114,175,126,250,2047,114
104,79,115,150,104,283,2047,129
100,83,115,146,77,268,2047,154
87,79,106,113,76,275,2047,204
75,75,102,110,72,241,2047,221
71,64,86,109,67,216,2047,238
104,62,82,98,68,191,2047,240
